from_id,Barnstaple - Archwood Retail Park,Bideford Community Hospital,Bovey Tracey - Blue Waters,"Colin Campbell Court, Plymouth",Crediton - Lords Meadow,Exmouth - The Strand,Holsworthy - Underlane,Honiton - Devonshire Road,Ilfracombe - Wilder Road,Kingsbridge - Fore Street,NHS Nightingale Exeter,Newton Abbott - Market Walk,Okehampton - Exeter Road Industrial Estate,Paignton - Hyde Road,South Molton - Pathfields,Tavistock - Drake Road,Tiverton - Lowman Way,Torbay & South Devon Community Diagnostic Centre
East Devon 001A,279.0,312.0,228.0,244.0,196.0,201.0,342.0,82.0,361.0,297.0,131.0,201.0,248.0,255.0,264.0,314.0,192.0,240.0
East Devon 001B,388.0,481.0,273.0,313.0,274.0,251.0,9999.0,147.0,429.0,381.0,214.0,286.0,9999.0,341.0,359.0,387.0,316.0,331.0
East Devon 001C,484.0,528.0,9999.0,368.0,357.0,337.0,9999.0,224.0,536.0,9999.0,286.0,364.0,9999.0,372.0,474.0,445.0,9999.0,395.0
East Devon 002A,279.0,312.0,204.0,208.0,184.0,131.0,342.0,30.0,361.0,291.0,104.0,193.0,207.0,247.0,260.0,273.0,186.0,234.0
East Devon 002B,279.0,312.0,205.0,206.0,182.0,132.0,342.0,29.0,361.0,287.0,102.0,189.0,207.0,244.0,260.0,273.0,182.0,230.0
East Devon 002C,279.0,312.0,212.0,209.0,184.0,136.0,342.0,40.0,361.0,289.0,107.0,191.0,207.0,245.0,264.0,274.0,184.0,232.0
East Devon 002D,279.0,312.0,208.0,214.0,189.0,133.0,342.0,42.0,361.0,297.0,109.0,198.0,207.0,253.0,262.0,274.0,192.0,240.0
East Devon 003A,279.0,312.0,199.0,204.0,181.0,128.0,342.0,19.0,361.0,291.0,100.0,190.0,207.0,246.0,256.0,270.0,186.0,232.0
East Devon 003B,279.0,312.0,206.0,216.0,188.0,132.0,342.0,35.0,361.0,297.0,109.0,197.0,207.0,253.0,261.0,276.0,192.0,239.0
East Devon 003C,279.0,312.0,200.0,205.0,182.0,128.0,342.0,23.0,361.0,293.0,101.0,191.0,207.0,247.0,256.0,270.0,188.0,233.0
East Devon 003D,279.0,312.0,204.0,211.0,186.0,130.0,342.0,27.0,361.0,297.0,106.0,195.0,207.0,251.0,259.0,272.0,192.0,237.0
East Devon 004A,279.0,312.0,200.0,219.0,194.0,130.0,342.0,83.0,361.0,297.0,112.0,192.0,226.0,248.0,255.0,288.0,192.0,233.0
East Devon 004D,279.0,312.0,228.0,244.0,222.0,221.0,342.0,106.0,361.0,297.0,153.0,231.0,270.0,271.0,264.0,314.0,192.0,272.0
East Devon 004E,279.0,312.0,228.0,239.0,202.0,208.0,342.0,206.0,361.0,297.0,157.0,247.0,247.0,278.0,264.0,309.0,190.0,280.0
East Devon 004F,279.0,312.0,189.0,199.0,174.0,133.0,342.0,121.0,361.0,281.0,100.0,183.0,211.0,241.0,254.0,268.0,203.0,224.0
East Devon 004G,279.0,312.0,226.0,220.0,194.0,178.0,342.0,88.0,361.0,297.0,116.0,199.0,216.0,253.0,264.0,283.0,203.0,240.0
East Devon 005B,279.0,312.0,228.0,244.0,196.0,196.0,342.0,85.0,361.0,297.0,131.0,201.0,247.0,255.0,264.0,314.0,192.0,240.0
East Devon 005C,279.0,312.0,228.0,244.0,196.0,190.0,342.0,85.0,361.0,297.0,131.0,201.0,241.0,255.0,264.0,314.0,192.0,240.0
East Devon 005D,279.0,312.0,228.0,244.0,196.0,190.0,342.0,85.0,361.0,297.0,131.0,201.0,241.0,255.0,264.0,314.0,192.0,240.0
East Devon 005E,290.0,323.0,280.0,303.0,294.0,283.0,9999.0,210.0,372.0,371.0,231.0,306.0,9999.0,335.0,275.0,377.0,237.0,351.0
East Devon 005F,279.0,312.0,228.0,244.0,196.0,196.0,342.0,85.0,361.0,297.0,131.0,201.0,247.0,255.0,264.0,314.0,192.0,240.0
East Devon 005G,294.0,327.0,243.0,259.0,226.0,201.0,346.0,112.0,376.0,312.0,157.0,231.0,270.0,277.0,279.0,329.0,207.0,272.0
East Devon 007A,279.0,312.0,228.0,244.0,192.0,126.0,342.0,76.0,361.0,297.0,124.0,199.0,207.0,253.0,264.0,299.0,192.0,240.0
East Devon 007B,279.0,312.0,228.0,244.0,192.0,123.0,342.0,78.0,361.0,297.0,121.0,199.0,207.0,253.0,264.0,299.0,192.0,240.0
East Devon 007C,279.0,312.0,228.0,244.0,192.0,172.0,342.0,73.0,361.0,297.0,131.0,199.0,223.0,253.0,264.0,302.0,192.0,240.0
East Devon 007D,279.0,312.0,228.0,244.0,199.0,170.0,342.0,93.0,361.0,297.0,137.0,206.0,232.0,255.0,264.0,307.0,192.0,247.0
East Devon 007E,360.0,453.0,262.0,285.0,231.0,197.0,342.0,177.0,401.0,353.0,161.0,232.0,270.0,287.0,331.0,359.0,257.0,273.0
East Devon 008A,279.0,312.0,183.0,194.0,169.0,131.0,342.0,89.0,361.0,274.0,91.0,176.0,207.0,237.0,255.0,266.0,205.0,220.0
East Devon 008B,279.0,312.0,191.0,203.0,177.0,115.0,342.0,108.0,361.0,289.0,97.0,186.0,207.0,243.0,253.0,271.0,211.0,228.0
East Devon 008C,277.0,305.0,166.0,180.0,136.0,107.0,335.0,52.0,354.0,243.0,70.0,166.0,200.0,228.0,249.0,254.0,167.0,211.0
East Devon 008D,279.0,312.0,179.0,191.0,168.0,124.0,342.0,64.0,361.0,274.0,87.0,176.0,207.0,237.0,252.0,263.0,195.0,220.0
East Devon 008E,279.0,309.0,173.0,187.0,163.0,118.0,339.0,53.0,358.0,268.0,79.0,172.0,204.0,233.0,250.0,259.0,184.0,216.0
East Devon 009A,288.0,321.0,200.0,219.0,187.0,122.0,342.0,86.0,370.0,297.0,113.0,191.0,217.0,247.0,259.0,285.0,207.0,233.0
East Devon 009B,279.0,312.0,228.0,244.0,193.0,176.0,342.0,77.0,361.0,297.0,131.0,199.0,227.0,253.0,264.0,306.0,192.0,240.0
East Devon 009C,279.0,312.0,172.0,186.0,166.0,104.0,342.0,77.0,361.0,273.0,83.0,172.0,207.0,233.0,249.0,266.0,173.0,216.0
East Devon 010A,279.0,312.0,205.0,224.0,187.0,115.0,342.0,82.0,361.0,297.0,110.0,196.0,207.0,252.0,259.0,285.0,192.0,238.0
East Devon 010B,279.0,312.0,201.0,220.0,183.0,104.0,342.0,78.0,361.0,297.0,105.0,192.0,207.0,248.0,255.0,281.0,192.0,234.0
East Devon 010C,279.0,312.0,210.0,226.0,187.0,104.0,342.0,78.0,361.0,292.0,110.0,194.0,207.0,248.0,263.0,286.0,187.0,235.0
East Devon 010D,279.0,312.0,211.0,227.0,190.0,104.0,342.0,79.0,361.0,295.0,112.0,197.0,207.0,251.0,263.0,288.0,190.0,238.0
East Devon 010E,279.0,312.0,204.0,223.0,186.0,104.0,342.0,76.0,361.0,294.0,108.0,195.0,207.0,250.0,260.0,284.0,189.0,237.0
East Devon 011A,279.0,312.0,166.0,180.0,161.0,104.0,342.0,67.0,361.0,246.0,77.0,167.0,207.0,230.0,249.0,259.0,170.0,212.0
East Devon 011B,279.0,312.0,161.0,171.0,152.0,104.0,342.0,70.0,361.0,237.0,68.0,162.0,207.0,222.0,249.0,250.0,159.0,206.0
East Devon 011C,279.0,312.0,156.0,153.0,141.0,94.0,342.0,77.0,361.0,226.0,57.0,156.0,207.0,214.0,249.0,239.0,143.0,198.0
East Devon 011D,279.0,312.0,159.0,165.0,148.0,94.0,342.0,71.0,361.0,233.0,64.0,160.0,207.0,219.0,249.0,246.0,151.0,204.0
East Devon 012A,279.0,312.0,159.0,163.0,147.0,92.0,342.0,73.0,361.0,232.0,63.0,160.0,207.0,219.0,249.0,245.0,149.0,203.0
East Devon 012B,279.0,312.0,161.0,171.0,152.0,96.0,342.0,76.0,361.0,237.0,68.0,162.0,207.0,222.0,249.0,250.0,159.0,206.0
East Devon 012C,279.0,312.0,159.0,165.0,148.0,94.0,342.0,75.0,361.0,233.0,64.0,160.0,207.0,219.0,249.0,246.0,151.0,204.0
East Devon 013A,279.0,312.0,155.0,143.0,131.0,79.0,342.0,92.0,361.0,216.0,47.0,146.0,207.0,204.0,249.0,231.0,133.0,188.0
East Devon 013B,279.0,312.0,201.0,217.0,174.0,89.0,342.0,156.0,361.0,277.0,99.0,179.0,207.0,239.0,258.0,277.0,209.0,222.0
East Devon 013C,279.0,312.0,162.0,180.0,139.0,73.0,342.0,148.0,361.0,224.0,84.0,154.0,207.0,216.0,249.0,256.0,142.0,201.0
East Devon 014A,277.0,304.0,147.0,135.0,116.0,89.0,334.0,106.0,353.0,208.0,39.0,138.0,199.0,196.0,249.0,223.0,118.0,180.0
East Devon 014B,271.0,293.0,104.0,130.0,117.0,30.0,323.0,127.0,342.0,202.0,69.0,115.0,188.0,176.0,249.0,213.0,120.0,160.0
East Devon 014C,279.0,312.0,158.0,180.0,138.0,45.0,342.0,148.0,361.0,216.0,91.0,136.0,207.0,199.0,249.0,248.0,150.0,181.0
East Devon 015A,279.0,312.0,164.0,186.0,151.0,28.0,342.0,154.0,361.0,216.0,108.0,139.0,207.0,206.0,249.0,254.0,160.0,187.0
East Devon 015B,279.0,312.0,161.0,175.0,142.0,32.0,342.0,147.0,361.0,216.0,97.0,140.0,207.0,205.0,249.0,255.0,149.0,187.0
East Devon 015C,279.0,312.0,162.0,176.0,141.0,31.0,342.0,145.0,361.0,216.0,94.0,138.0,207.0,204.0,249.0,252.0,152.0,186.0
East Devon 015D,279.0,312.0,169.0,183.0,147.0,27.0,342.0,151.0,361.0,216.0,105.0,142.0,207.0,209.0,249.0,261.0,158.0,191.0
East Devon 016A,279.0,312.0,160.0,174.0,138.0,36.0,342.0,142.0,361.0,216.0,90.0,137.0,207.0,202.0,249.0,251.0,149.0,185.0
East Devon 016B,279.0,309.0,153.0,175.0,133.0,25.0,339.0,143.0,358.0,213.0,84.0,132.0,204.0,195.0,249.0,243.0,144.0,177.0
East Devon 016C,277.0,305.0,149.0,171.0,129.0,16.0,335.0,139.0,354.0,209.0,82.0,128.0,200.0,191.0,249.0,239.0,138.0,173.0
East Devon 016D,277.0,304.0,148.0,170.0,128.0,23.0,334.0,138.0,353.0,208.0,81.0,127.0,199.0,190.0,249.0,238.0,136.0,172.0
East Devon 017A,279.0,312.0,171.0,189.0,166.0,44.0,342.0,170.0,361.0,227.0,126.0,157.0,207.0,220.0,249.0,264.0,173.0,202.0
East Devon 017B,288.0,321.0,175.0,195.0,170.0,61.0,342.0,173.0,370.0,234.0,129.0,164.0,216.0,227.0,258.0,268.0,176.0,210.0
East Devon 017C,279.0,312.0,174.0,190.0,166.0,42.0,342.0,168.0,361.0,223.0,124.0,153.0,207.0,218.0,249.0,266.0,174.0,200.0
East Devon 017D,279.0,312.0,173.0,191.0,168.0,48.0,342.0,173.0,361.0,228.0,129.0,158.0,207.0,221.0,249.0,266.0,176.0,203.0
East Devon 018A,279.0,312.0,170.0,187.0,152.0,29.0,342.0,155.0,361.0,216.0,110.0,142.0,207.0,210.0,249.0,260.0,163.0,190.0
East Devon 018B,279.0,312.0,166.0,182.0,146.0,22.0,342.0,150.0,361.0,216.0,102.0,140.0,207.0,206.0,249.0,256.0,157.0,188.0
East Devon 018C,279.0,312.0,161.0,183.0,143.0,26.0,342.0,151.0,361.0,216.0,95.0,137.0,207.0,202.0,249.0,251.0,154.0,184.0
East Devon 018D,279.0,312.0,171.0,190.0,150.0,28.0,342.0,154.0,361.0,216.0,105.0,142.0,207.0,205.0,249.0,261.0,160.0,189.0
East Devon 018E,279.0,312.0,161.0,175.0,149.0,32.0,342.0,155.0,361.0,216.0,110.0,139.0,207.0,205.0,249.0,254.0,151.0,187.0
East Devon 019A,279.0,308.0,152.0,174.0,132.0,7.0,338.0,142.0,357.0,212.0,83.0,131.0,203.0,194.0,249.0,242.0,142.0,176.0
East Devon 019B,279.0,309.0,153.0,175.0,133.0,14.0,339.0,143.0,358.0,213.0,86.0,132.0,204.0,195.0,249.0,243.0,144.0,177.0
East Devon 019C,279.0,312.0,161.0,183.0,141.0,7.0,342.0,148.0,361.0,216.0,92.0,137.0,207.0,201.0,249.0,251.0,153.0,183.0
East Devon 019D,279.0,309.0,153.0,175.0,133.0,11.0,339.0,143.0,358.0,213.0,85.0,132.0,204.0,195.0,249.0,243.0,144.0,177.0
East Devon 020A,279.0,312.0,161.0,182.0,141.0,14.0,342.0,145.0,361.0,216.0,92.0,137.0,207.0,201.0,249.0,251.0,152.0,183.0
East Devon 020B,279.0,312.0,168.0,189.0,152.0,25.0,342.0,155.0,361.0,216.0,109.0,141.0,207.0,208.0,249.0,258.0,163.0,189.0
East Devon 020C,279.0,312.0,169.0,183.0,150.0,28.0,342.0,153.0,361.0,216.0,110.0,142.0,207.0,210.0,249.0,261.0,159.0,191.0
East Devon 020D,279.0,312.0,167.0,181.0,142.0,20.0,342.0,144.0,361.0,216.0,97.0,142.0,207.0,206.0,249.0,260.0,154.0,189.0
East Devon 021A,146.0,184.0,155.0,137.0,68.0,106.0,221.0,146.0,201.0,198.0,79.0,146.0,169.0,206.0,136.0,214.0,65.0,190.0
East Devon 021B,275.0,300.0,167.0,175.0,119.0,133.0,330.0,158.0,349.0,234.0,81.0,161.0,195.0,220.0,249.0,254.0,126.0,204.0
East Devon 021C,264.0,264.0,148.0,134.0,96.0,100.0,199.0,125.0,331.0,203.0,58.0,134.0,136.0,200.0,249.0,212.0,105.0,182.0
East Devon 021D,263.0,262.0,142.0,132.0,94.0,97.0,197.0,126.0,329.0,202.0,54.0,132.0,134.0,198.0,249.0,210.0,105.0,180.0
East Devon 021E,264.0,263.0,140.0,134.0,102.0,100.0,198.0,106.0,330.0,204.0,37.0,137.0,135.0,201.0,249.0,211.0,115.0,184.0
East Devon 021F,277.0,305.0,148.0,149.0,117.0,111.0,335.0,82.0,354.0,216.0,48.0,141.0,200.0,210.0,249.0,235.0,133.0,190.0
East Devon 022A,272.0,295.0,138.0,141.0,108.0,99.0,325.0,91.0,344.0,214.0,37.0,135.0,190.0,201.0,249.0,221.0,116.0,183.0
East Devon 022B,271.0,292.0,135.0,138.0,107.0,97.0,322.0,95.0,341.0,211.0,36.0,132.0,187.0,198.0,249.0,217.0,113.0,180.0
East Devon 022C,270.0,290.0,133.0,136.0,105.0,95.0,320.0,99.0,339.0,209.0,34.0,130.0,185.0,196.0,249.0,214.0,111.0,178.0
East Devon 022D,269.0,289.0,132.0,135.0,104.0,94.0,319.0,95.0,338.0,208.0,32.0,129.0,184.0,195.0,249.0,212.0,110.0,177.0
Exeter 001C,253.0,242.0,135.0,118.0,88.0,87.0,177.0,124.0,309.0,198.0,59.0,121.0,114.0,180.0,249.0,193.0,105.0,166.0
Exeter 001D,246.0,231.0,131.0,111.0,80.0,81.0,175.0,123.0,298.0,192.0,53.0,119.0,112.0,176.0,240.0,188.0,94.0,164.0
Exeter 001E,258.0,251.0,150.0,126.0,83.0,93.0,186.0,130.0,318.0,201.0,68.0,130.0,123.0,188.0,249.0,201.0,104.0,172.0
Exeter 001G,250.0,236.0,132.0,115.0,79.0,87.0,185.0,124.0,303.0,193.0,56.0,123.0,122.0,187.0,235.0,193.0,89.0,171.0
Exeter 001H,225.0,210.0,109.0,115.0,57.0,80.0,173.0,119.0,277.0,192.0,52.0,117.0,110.0,182.0,221.0,187.0,75.0,165.0
Exeter 002A,257.0,249.0,146.0,120.0,93.0,93.0,186.0,128.0,316.0,196.0,60.0,128.0,123.0,193.0,247.0,199.0,101.0,176.0
Exeter 002B,250.0,235.0,133.0,113.0,88.0,88.0,178.0,124.0,302.0,193.0,52.0,122.0,115.0,188.0,241.0,191.0,95.0,169.0
Exeter 002C,258.0,251.0,146.0,121.0,96.0,95.0,187.0,129.0,318.0,196.0,58.0,129.0,124.0,196.0,248.0,200.0,102.0,177.0
Exeter 002D,250.0,235.0,135.0,113.0,84.0,84.0,177.0,124.0,302.0,193.0,56.0,121.0,114.0,181.0,242.0,190.0,96.0,167.0
Exeter 002E,241.0,226.0,106.0,111.0,72.0,72.0,175.0,118.0,293.0,190.0,45.0,109.0,112.0,170.0,235.0,188.0,93.0,158.0
Exeter 003A,252.0,240.0,110.0,117.0,79.0,79.0,184.0,120.0,307.0,194.0,48.0,119.0,121.0,185.0,240.0,195.0,97.0,167.0
Exeter 003B,258.0,252.0,137.0,128.0,96.0,98.0,187.0,124.0,319.0,203.0,47.0,128.0,124.0,195.0,249.0,203.0,109.0,177.0
Exeter 003C,256.0,247.0,128.0,122.0,87.0,88.0,185.0,121.0,314.0,198.0,39.0,123.0,122.0,189.0,246.0,198.0,99.0,171.0
Exeter 003D,262.0,259.0,133.0,126.0,92.0,93.0,194.0,111.0,326.0,198.0,28.0,130.0,131.0,195.0,249.0,202.0,106.0,177.0
Exeter 003E,255.0,246.0,113.0,122.0,83.0,84.0,187.0,121.0,313.0,197.0,47.0,122.0,124.0,188.0,243.0,200.0,99.0,170.0
Exeter 004A,236.0,221.0,104.0,108.0,71.0,71.0,172.0,117.0,288.0,187.0,42.0,106.0,109.0,163.0,233.0,185.0,91.0,153.0
Exeter 004B,241.0,226.0,111.0,108.0,77.0,76.0,174.0,120.0,293.0,190.0,48.0,113.0,111.0,173.0,236.0,185.0,90.0,162.0
Exeter 004C,238.0,223.0,108.0,107.0,70.0,73.0,174.0,119.0,290.0,187.0,45.0,109.0,111.0,168.0,233.0,185.0,87.0,154.0
Exeter 004D,230.0,215.0,103.0,107.0,64.0,72.0,172.0,116.0,282.0,186.0,40.0,105.0,109.0,161.0,227.0,185.0,81.0,152.0
Exeter 004E,231.0,216.0,104.0,105.0,65.0,69.0,172.0,117.0,283.0,179.0,41.0,105.0,109.0,158.0,228.0,185.0,82.0,150.0
Exeter 005A,252.0,239.0,149.0,141.0,79.0,104.0,180.0,133.0,306.0,203.0,69.0,134.0,117.0,200.0,243.0,200.0,97.0,182.0
Exeter 005B,251.0,238.0,149.0,142.0,81.0,107.0,180.0,135.0,305.0,204.0,72.0,136.0,117.0,202.0,242.0,201.0,96.0,184.0
Exeter 005C,239.0,224.0,134.0,128.0,71.0,94.0,172.0,126.0,291.0,199.0,58.0,126.0,109.0,192.0,236.0,192.0,90.0,174.0
Exeter 005D,252.0,237.0,138.0,134.0,87.0,101.0,172.0,129.0,304.0,203.0,64.0,129.0,109.0,195.0,249.0,194.0,104.0,176.0
Exeter 005E,250.0,235.0,113.0,125.0,83.0,92.0,172.0,125.0,302.0,197.0,58.0,119.0,109.0,188.0,247.0,190.0,101.0,167.0
Exeter 006A,251.0,237.0,95.0,106.0,79.0,61.0,186.0,105.0,304.0,180.0,31.0,96.0,123.0,145.0,235.0,186.0,89.0,136.0
Exeter 006B,255.0,245.0,103.0,113.0,85.0,68.0,189.0,108.0,312.0,191.0,34.0,104.0,126.0,161.0,240.0,192.0,94.0,150.0
Exeter 006C,247.0,232.0,107.0,113.0,75.0,75.0,179.0,118.0,299.0,191.0,46.0,114.0,116.0,178.0,237.0,191.0,94.0,162.0
Exeter 006D,239.0,224.0,104.0,109.0,72.0,71.0,175.0,117.0,291.0,188.0,43.0,107.0,112.0,164.0,233.0,187.0,91.0,154.0
Exeter 006E,251.0,238.0,99.0,108.0,79.0,65.0,184.0,113.0,305.0,187.0,38.0,100.0,121.0,153.0,238.0,187.0,92.0,142.0
Exeter 007A,253.0,241.0,101.0,114.0,83.0,70.0,188.0,102.0,308.0,193.0,26.0,105.0,125.0,166.0,237.0,193.0,91.0,152.0
Exeter 007B,256.0,247.0,126.0,122.0,83.0,78.0,187.0,117.0,314.0,197.0,41.0,119.0,124.0,183.0,244.0,199.0,102.0,167.0
Exeter 007C,254.0,244.0,112.0,120.0,82.0,73.0,186.0,116.0,311.0,196.0,39.0,121.0,123.0,187.0,242.0,198.0,98.0,169.0
Exeter 007D,261.0,258.0,131.0,126.0,88.0,78.0,193.0,109.0,325.0,198.0,35.0,122.0,130.0,188.0,249.0,202.0,108.0,171.0
Exeter 007E,261.0,257.0,109.0,124.0,91.0,75.0,196.0,107.0,324.0,200.0,33.0,115.0,133.0,179.0,245.0,201.0,99.0,164.0
Exeter 008A,237.0,222.0,100.0,105.0,71.0,65.0,172.0,114.0,289.0,180.0,39.0,101.0,109.0,152.0,234.0,184.0,89.0,143.0
Exeter 008B,234.0,219.0,98.0,103.0,68.0,63.0,172.0,112.0,286.0,173.0,36.0,99.0,109.0,148.0,231.0,183.0,85.0,139.0
Exeter 008D,228.0,213.0,105.0,109.0,62.0,74.0,172.0,117.0,280.0,187.0,41.0,107.0,109.0,164.0,225.0,185.0,79.0,153.0
Exeter 008E,234.0,219.0,101.0,108.0,67.0,75.0,172.0,120.0,286.0,185.0,47.0,104.0,109.0,157.0,231.0,184.0,85.0,151.0
Exeter 008F,233.0,218.0,104.0,106.0,67.0,70.0,172.0,117.0,285.0,182.0,42.0,105.0,109.0,157.0,230.0,184.0,84.0,151.0
Exeter 008G,239.0,224.0,96.0,106.0,71.0,74.0,172.0,120.0,291.0,180.0,46.0,99.0,109.0,147.0,236.0,183.0,91.0,146.0
Exeter 009A,241.0,226.0,96.0,105.0,74.0,62.0,177.0,110.0,293.0,178.0,35.0,97.0,114.0,145.0,233.0,183.0,87.0,136.0
Exeter 009B,254.0,243.0,89.0,106.0,81.0,54.0,184.0,118.0,310.0,175.0,46.0,91.0,121.0,135.0,243.0,185.0,97.0,130.0
Exeter 009C,251.0,237.0,98.0,110.0,76.0,64.0,180.0,118.0,304.0,187.0,42.0,100.0,117.0,153.0,241.0,188.0,95.0,141.0
Exeter 009D,240.0,225.0,101.0,109.0,76.0,69.0,172.0,119.0,292.0,187.0,45.0,103.0,109.0,153.0,237.0,185.0,93.0,149.0
Exeter 010A,251.0,236.0,109.0,119.0,79.0,88.0,172.0,124.0,303.0,196.0,54.0,108.0,109.0,171.0,248.0,189.0,102.0,153.0
Exeter 010B,249.0,234.0,106.0,116.0,80.0,88.0,172.0,125.0,301.0,192.0,55.0,109.0,109.0,179.0,246.0,188.0,100.0,159.0
Exeter 010C,244.0,229.0,99.0,109.0,73.0,79.0,172.0,121.0,296.0,185.0,48.0,102.0,109.0,155.0,241.0,184.0,95.0,150.0
Exeter 010D,248.0,233.0,99.0,113.0,76.0,85.0,172.0,123.0,300.0,191.0,52.0,102.0,109.0,161.0,245.0,188.0,99.0,150.0
Exeter 010E,249.0,234.0,92.0,113.0,78.0,86.0,172.0,124.0,301.0,189.0,53.0,100.0,109.0,159.0,246.0,187.0,100.0,147.0
Exeter 011A,262.0,259.0,111.0,122.0,92.0,79.0,196.0,104.0,326.0,195.0,29.0,112.0,133.0,171.0,247.0,199.0,101.0,160.0
Exeter 011B,260.0,256.0,108.0,123.0,91.0,75.0,196.0,109.0,323.0,194.0,32.0,104.0,133.0,163.0,244.0,200.0,98.0,146.0
Exeter 011E,265.0,265.0,129.0,126.0,95.0,81.0,200.0,106.0,332.0,197.0,26.0,120.0,137.0,186.0,249.0,202.0,104.0,169.0
Exeter 011F,264.0,264.0,129.0,130.0,96.0,68.0,199.0,112.0,331.0,200.0,35.0,121.0,136.0,182.0,249.0,206.0,108.0,167.0
Exeter 011G,268.0,286.0,127.0,131.0,104.0,66.0,316.0,117.0,335.0,200.0,36.0,120.0,181.0,182.0,249.0,211.0,113.0,167.0
Exeter 011H,258.0,252.0,85.0,107.0,84.0,50.0,190.0,119.0,319.0,173.0,50.0,87.0,127.0,130.0,246.0,188.0,100.0,126.0
Exeter 011I,265.0,266.0,105.0,137.0,102.0,55.0,201.0,125.0,332.0,196.0,53.0,107.0,138.0,161.0,249.0,212.0,116.0,153.0
Exeter 012A,252.0,237.0,94.0,118.0,86.0,93.0,172.0,133.0,304.0,188.0,67.0,98.0,109.0,154.0,249.0,189.0,105.0,145.0
Exeter 012B,252.0,237.0,126.0,124.0,86.0,93.0,172.0,129.0,304.0,197.0,62.0,118.0,109.0,187.0,249.0,190.0,104.0,167.0
Exeter 012C,252.0,237.0,126.0,122.0,81.0,92.0,172.0,128.0,304.0,199.0,60.0,118.0,109.0,186.0,249.0,192.0,108.0,166.0
Exeter 012D,252.0,237.0,110.0,119.0,78.0,89.0,172.0,125.0,304.0,197.0,55.0,109.0,109.0,173.0,249.0,190.0,103.0,154.0
Exeter 012E,252.0,237.0,131.0,128.0,88.0,93.0,172.0,124.0,304.0,200.0,56.0,122.0,109.0,188.0,249.0,193.0,105.0,169.0
Exeter 013A,254.0,243.0,102.0,115.0,84.0,69.0,189.0,106.0,310.0,192.0,32.0,104.0,126.0,163.0,238.0,193.0,92.0,150.0
Exeter 013B,257.0,250.0,90.0,109.0,85.0,55.0,186.0,120.0,317.0,178.0,48.0,92.0,123.0,137.0,248.0,188.0,101.0,131.0
Exeter 013C,258.0,251.0,101.0,116.0,91.0,69.0,190.0,113.0,318.0,188.0,38.0,97.0,127.0,149.0,245.0,194.0,99.0,140.0
Exeter 013D,258.0,252.0,103.0,118.0,90.0,71.0,192.0,110.0,319.0,190.0,35.0,99.0,129.0,153.0,244.0,195.0,98.0,142.0
Exeter 013E,257.0,250.0,89.0,109.0,85.0,54.0,186.0,120.0,317.0,178.0,48.0,91.0,123.0,136.0,248.0,188.0,101.0,131.0
Exeter 014A,254.0,244.0,95.0,120.0,91.0,90.0,179.0,136.0,311.0,176.0,69.0,93.0,116.0,131.0,249.0,185.0,110.0,138.0
Exeter 014B,257.0,249.0,101.0,132.0,96.0,95.0,184.0,142.0,316.0,190.0,75.0,102.0,121.0,149.0,249.0,192.0,115.0,147.0
Exeter 014C,256.0,247.0,85.0,114.0,94.0,89.0,182.0,126.0,314.0,156.0,65.0,87.0,119.0,127.0,249.0,185.0,113.0,133.0
Exeter 014D,241.0,226.0,97.0,109.0,80.0,78.0,172.0,121.0,293.0,179.0,54.0,96.0,109.0,137.0,238.0,183.0,97.0,141.0
Exeter 014E,251.0,236.0,91.0,118.0,84.0,89.0,172.0,126.0,303.0,191.0,60.0,99.0,109.0,159.0,248.0,189.0,105.0,147.0
Exeter 015A,258.0,252.0,84.0,107.0,84.0,49.0,190.0,120.0,319.0,171.0,51.0,86.0,127.0,129.0,246.0,188.0,100.0,125.0
Exeter 015B,261.0,258.0,95.0,113.0,89.0,46.0,193.0,122.0,325.0,184.0,53.0,97.0,130.0,143.0,249.0,193.0,105.0,136.0
Exeter 015E,268.0,287.0,98.0,122.0,106.0,41.0,317.0,124.0,336.0,197.0,62.0,106.0,182.0,169.0,249.0,205.0,113.0,153.0
Exeter 015F,270.0,291.0,102.0,128.0,114.0,44.0,321.0,126.0,340.0,201.0,67.0,111.0,186.0,173.0,249.0,211.0,117.0,157.0
Exeter 015G,268.0,287.0,99.0,123.0,106.0,48.0,317.0,124.0,336.0,195.0,62.0,105.0,182.0,167.0,249.0,205.0,114.0,151.0
Exeter 015H,266.0,267.0,93.0,114.0,97.0,43.0,202.0,121.0,333.0,192.0,56.0,101.0,139.0,163.0,249.0,197.0,108.0,144.0
Mid Devon 001A,279.0,312.0,255.0,274.0,223.0,243.0,342.0,237.0,361.0,327.0,195.0,280.0,265.0,308.0,249.0,344.0,143.0,314.0
Mid Devon 001B,279.0,312.0,257.0,305.0,205.0,247.0,359.0,239.0,361.0,390.0,212.0,280.0,273.0,330.0,249.0,379.0,142.0,314.0
Mid Devon 001C,265.0,298.0,214.0,291.0,162.0,210.0,328.0,196.0,347.0,359.0,169.0,238.0,234.0,293.0,235.0,365.0,105.0,271.0
Mid Devon 001D,279.0,312.0,268.0,305.0,167.0,247.0,342.0,277.0,361.0,373.0,213.0,268.0,258.0,315.0,249.0,379.0,170.0,305.0
Mid Devon 002A,125.0,163.0,184.0,188.0,119.0,147.0,227.0,184.0,180.0,283.0,117.0,181.0,207.0,240.0,115.0,261.0,29.0,223.0
Mid Devon 002B,127.0,165.0,180.0,186.0,118.0,145.0,229.0,181.0,182.0,279.0,114.0,178.0,207.0,237.0,117.0,261.0,38.0,221.0
Mid Devon 002D,124.0,162.0,182.0,187.0,118.0,145.0,226.0,183.0,179.0,281.0,118.0,180.0,207.0,239.0,114.0,260.0,47.0,222.0
Mid Devon 002E,139.0,177.0,193.0,196.0,127.0,157.0,241.0,190.0,194.0,290.0,124.0,189.0,212.0,245.0,129.0,267.0,16.0,231.0
Mid Devon 002F,128.0,166.0,183.0,187.0,119.0,146.0,230.0,184.0,183.0,281.0,116.0,181.0,207.0,239.0,118.0,260.0,20.0,223.0
Mid Devon 003A,251.0,284.0,200.0,216.0,168.0,173.0,314.0,185.0,333.0,273.0,133.0,224.0,226.0,251.0,221.0,286.0,91.0,257.0
Mid Devon 003B,279.0,312.0,238.0,254.0,203.0,211.0,342.0,92.0,361.0,307.0,141.0,211.0,255.0,265.0,249.0,324.0,152.0,250.0
Mid Devon 003C,279.0,312.0,228.0,244.0,196.0,201.0,342.0,82.0,361.0,297.0,131.0,201.0,248.0,255.0,264.0,314.0,189.0,240.0
Mid Devon 004A,124.0,162.0,170.0,182.0,101.0,133.0,226.0,168.0,179.0,271.0,104.0,170.0,204.0,232.0,114.0,255.0,29.0,214.0
Mid Devon 004B,124.0,162.0,173.0,183.0,104.0,136.0,226.0,172.0,179.0,274.0,107.0,173.0,205.0,233.0,114.0,256.0,29.0,216.0
Mid Devon 004C,124.0,162.0,171.0,183.0,103.0,135.0,226.0,170.0,179.0,274.0,105.0,171.0,206.0,233.0,114.0,257.0,20.0,215.0
Mid Devon 004D,124.0,162.0,175.0,184.0,106.0,138.0,226.0,173.0,179.0,275.0,109.0,174.0,206.0,234.0,114.0,257.0,13.0,217.0
Mid Devon 005A,124.0,162.0,168.0,181.0,99.0,131.0,226.0,166.0,179.0,269.0,103.0,169.0,203.0,231.0,114.0,254.0,31.0,213.0
Mid Devon 005B,124.0,162.0,166.0,180.0,97.0,129.0,226.0,165.0,179.0,246.0,102.0,167.0,202.0,230.0,114.0,253.0,34.0,212.0
Mid Devon 005C,124.0,162.0,171.0,182.0,102.0,134.0,226.0,169.0,179.0,272.0,108.0,171.0,204.0,232.0,114.0,255.0,42.0,215.0
Mid Devon 005D,124.0,162.0,166.0,180.0,97.0,129.0,226.0,164.0,179.0,246.0,104.0,167.0,202.0,230.0,114.0,253.0,46.0,212.0
Mid Devon 006A,143.0,181.0,195.0,216.0,135.0,160.0,245.0,191.0,198.0,297.0,132.0,206.0,222.0,256.0,133.0,285.0,71.0,249.0
Mid Devon 006B,134.0,172.0,166.0,175.0,106.0,138.0,236.0,160.0,189.0,237.0,100.0,167.0,206.0,228.0,124.0,253.0,43.0,212.0
Mid Devon 006C,250.0,283.0,163.0,169.0,124.0,145.0,313.0,153.0,332.0,224.0,91.0,154.0,207.0,222.0,220.0,252.0,68.0,201.0
Mid Devon 006D,251.0,284.0,171.0,173.0,130.0,151.0,314.0,157.0,333.0,232.0,99.0,162.0,207.0,227.0,221.0,252.0,69.0,209.0
Mid Devon 007A,261.0,294.0,150.0,154.0,122.0,136.0,324.0,141.0,343.0,211.0,77.0,141.0,200.0,209.0,231.0,245.0,79.0,188.0
Mid Devon 007B,263.0,296.0,154.0,149.0,116.0,127.0,326.0,145.0,345.0,215.0,72.0,145.0,191.0,211.0,233.0,236.0,81.0,193.0
Mid Devon 007C,266.0,293.0,151.0,146.0,111.0,123.0,323.0,142.0,342.0,212.0,69.0,143.0,188.0,210.0,239.0,233.0,87.0,191.0
Mid Devon 007D,264.0,291.0,149.0,144.0,108.0,119.0,321.0,140.0,340.0,210.0,68.0,142.0,186.0,209.0,237.0,231.0,85.0,190.0
Mid Devon 008A,273.0,306.0,173.0,184.0,132.0,151.0,336.0,168.0,355.0,274.0,96.0,170.0,201.0,230.0,243.0,260.0,91.0,213.0
Mid Devon 008B,274.0,277.0,179.0,188.0,96.0,137.0,337.0,156.0,356.0,226.0,104.0,156.0,196.0,224.0,244.0,243.0,91.0,203.0
Mid Devon 008C,267.0,291.0,149.0,146.0,108.0,119.0,321.0,143.0,340.0,213.0,68.0,143.0,186.0,210.0,243.0,234.0,91.0,192.0
Mid Devon 008D,252.0,262.0,160.0,173.0,91.0,123.0,315.0,159.0,334.0,232.0,98.0,161.0,195.0,224.0,222.0,246.0,76.0,206.0
Mid Devon 009A,279.0,272.0,228.0,244.0,128.0,201.0,342.0,210.0,361.0,297.0,170.0,201.0,196.0,255.0,249.0,239.0,207.0,240.0
Mid Devon 009B,279.0,272.0,208.0,224.0,108.0,181.0,342.0,190.0,361.0,277.0,150.0,181.0,196.0,240.0,249.0,239.0,187.0,222.0
Mid Devon 009C,147.0,180.0,218.0,234.0,118.0,191.0,251.0,200.0,207.0,287.0,160.0,191.0,193.0,245.0,227.0,236.0,197.0,230.0
Mid Devon 009D,252.0,237.0,200.0,198.0,142.0,159.0,172.0,172.0,304.0,242.0,128.0,171.0,109.0,232.0,249.0,194.0,173.0,215.0
Mid Devon 010A,263.0,252.0,150.0,134.0,55.0,103.0,201.0,145.0,328.0,211.0,76.0,145.0,138.0,205.0,244.0,212.0,100.0,188.0
Mid Devon 010B,276.0,265.0,193.0,188.0,69.0,155.0,332.0,190.0,351.0,287.0,128.0,187.0,186.0,243.0,249.0,229.0,136.0,229.0
Mid Devon 010C,279.0,272.0,228.0,269.0,137.0,210.0,342.0,223.0,361.0,322.0,181.0,224.0,220.0,279.0,249.0,264.0,204.0,260.0
Mid Devon 010D,149.0,182.0,180.0,186.0,62.0,141.0,256.0,171.0,209.0,241.0,119.0,171.0,196.0,232.0,228.0,239.0,144.0,214.0
Mid Devon 011A,263.0,252.0,149.0,134.0,25.0,102.0,202.0,142.0,328.0,208.0,76.0,142.0,139.0,204.0,243.0,212.0,100.0,187.0
Mid Devon 011B,269.0,258.0,156.0,158.0,21.0,112.0,319.0,154.0,338.0,222.0,87.0,156.0,173.0,213.0,249.0,216.0,107.0,197.0
Mid Devon 011C,265.0,254.0,153.0,150.0,31.0,107.0,314.0,150.0,333.0,215.0,83.0,150.0,168.0,209.0,246.0,213.0,103.0,191.0
Mid Devon 011D,268.0,257.0,153.0,155.0,38.0,110.0,319.0,151.0,338.0,216.0,86.0,151.0,173.0,211.0,246.0,216.0,105.0,194.0
North Devon 001A,83.0,126.0,9999.0,363.0,277.0,343.0,226.0,394.0,17.0,9999.0,304.0,372.0,293.0,404.0,151.0,329.0,286.0,420.0
North Devon 001B,81.0,124.0,9999.0,361.0,275.0,341.0,226.0,392.0,5.0,9999.0,302.0,370.0,292.0,402.0,149.0,329.0,284.0,418.0
North Devon 001C,87.0,130.0,9999.0,367.0,281.0,347.0,226.0,398.0,10.0,9999.0,308.0,376.0,295.0,408.0,155.0,329.0,290.0,424.0
North Devon 001D,95.0,137.0,9999.0,374.0,288.0,354.0,226.0,405.0,21.0,9999.0,315.0,383.0,297.0,415.0,162.0,329.0,297.0,431.0
North Devon 002A,115.0,158.0,9999.0,386.0,300.0,366.0,226.0,417.0,56.0,9999.0,327.0,395.0,297.0,427.0,174.0,329.0,309.0,443.0
North Devon 002B,122.0,163.0,9999.0,387.0,301.0,367.0,227.0,418.0,70.0,9999.0,328.0,396.0,298.0,428.0,175.0,330.0,310.0,444.0
North Devon 002C,116.0,158.0,9999.0,386.0,300.0,366.0,226.0,417.0,57.0,9999.0,327.0,395.0,297.0,427.0,174.0,329.0,309.0,443.0
North Devon 002D,100.0,143.0,9999.0,373.0,287.0,353.0,226.0,404.0,166.0,9999.0,314.0,382.0,297.0,414.0,161.0,329.0,296.0,430.0
North Devon 003A,75.0,118.0,311.0,334.0,258.0,283.0,226.0,333.0,12.0,402.0,262.0,337.0,289.0,366.0,133.0,329.0,203.0,371.0
North Devon 003B,75.0,118.0,311.0,334.0,258.0,283.0,226.0,333.0,18.0,402.0,262.0,337.0,289.0,366.0,133.0,329.0,203.0,371.0
North Devon 003C,74.0,117.0,310.0,333.0,257.0,282.0,226.0,332.0,20.0,401.0,261.0,336.0,289.0,365.0,132.0,329.0,202.0,370.0
North Devon 003D,82.0,125.0,9999.0,362.0,276.0,342.0,226.0,393.0,25.0,9999.0,303.0,371.0,293.0,403.0,150.0,329.0,285.0,419.0
North Devon 004A,60.0,108.0,301.0,324.0,248.0,273.0,226.0,323.0,51.0,392.0,252.0,327.0,284.0,356.0,123.0,329.0,193.0,361.0
North Devon 004B,89.0,143.0,9999.0,393.0,307.0,366.0,233.0,417.0,76.0,9999.0,334.0,402.0,297.0,434.0,179.0,336.0,309.0,450.0
North Devon 004C,100.0,152.0,9999.0,386.0,316.0,366.0,226.0,417.0,101.0,9999.0,339.0,411.0,297.0,443.0,184.0,329.0,309.0,459.0
North Devon 005A,52.0,99.0,292.0,315.0,239.0,264.0,226.0,314.0,43.0,383.0,243.0,318.0,282.0,347.0,114.0,329.0,184.0,352.0
North Devon 005B,64.0,112.0,9999.0,357.0,271.0,337.0,226.0,388.0,68.0,9999.0,298.0,366.0,290.0,398.0,145.0,329.0,280.0,414.0
North Devon 005C,62.0,110.0,308.0,331.0,255.0,280.0,226.0,330.0,63.0,399.0,259.0,334.0,288.0,363.0,130.0,329.0,200.0,368.0
North Devon 005D,55.0,103.0,296.0,319.0,243.0,268.0,226.0,318.0,45.0,387.0,247.0,322.0,282.0,351.0,118.0,329.0,188.0,356.0
North Devon 005E,46.0,93.0,286.0,309.0,233.0,258.0,226.0,308.0,51.0,377.0,237.0,312.0,282.0,341.0,108.0,329.0,178.0,346.0
North Devon 006A,65.0,114.0,294.0,317.0,241.0,266.0,226.0,316.0,131.0,385.0,245.0,320.0,282.0,349.0,116.0,329.0,186.0,354.0
North Devon 006B,42.0,92.0,282.0,305.0,229.0,254.0,226.0,304.0,96.0,373.0,233.0,308.0,282.0,337.0,78.0,329.0,174.0,342.0
North Devon 006C,103.0,148.0,9999.0,382.0,296.0,362.0,226.0,413.0,79.0,9999.0,323.0,391.0,297.0,423.0,170.0,329.0,305.0,439.0
North Devon 007A,32.0,86.0,282.0,305.0,229.0,254.0,226.0,304.0,70.0,373.0,233.0,308.0,282.0,337.0,101.0,329.0,174.0,342.0
North Devon 007B,37.0,88.0,282.0,305.0,229.0,254.0,226.0,304.0,75.0,373.0,233.0,308.0,282.0,337.0,104.0,329.0,174.0,342.0
North Devon 007C,32.0,85.0,282.0,305.0,229.0,254.0,226.0,304.0,71.0,373.0,233.0,308.0,282.0,337.0,99.0,329.0,174.0,342.0
North Devon 007D,29.0,83.0,282.0,305.0,229.0,254.0,226.0,304.0,70.0,373.0,233.0,308.0,282.0,337.0,96.0,329.0,174.0,342.0
North Devon 008A,17.0,68.0,282.0,301.0,229.0,254.0,222.0,304.0,66.0,373.0,233.0,304.0,278.0,335.0,85.0,325.0,174.0,338.0
North Devon 008B,23.0,75.0,282.0,305.0,229.0,254.0,226.0,304.0,70.0,373.0,233.0,308.0,282.0,337.0,91.0,329.0,174.0,342.0
North Devon 008C,35.0,84.0,282.0,305.0,229.0,254.0,226.0,304.0,79.0,373.0,233.0,308.0,282.0,337.0,96.0,329.0,174.0,342.0
North Devon 008D,35.0,87.0,282.0,305.0,229.0,254.0,226.0,304.0,81.0,373.0,233.0,308.0,282.0,337.0,98.0,329.0,174.0,342.0
North Devon 009A,21.0,73.0,282.0,304.0,229.0,254.0,225.0,304.0,71.0,373.0,233.0,307.0,281.0,337.0,82.0,328.0,174.0,341.0
North Devon 009B,28.0,55.0,290.0,311.0,237.0,262.0,224.0,310.0,94.0,381.0,241.0,314.0,280.0,343.0,112.0,327.0,182.0,348.0
North Devon 009C,16.0,56.0,282.0,293.0,229.0,254.0,214.0,300.0,82.0,373.0,233.0,296.0,270.0,331.0,94.0,317.0,174.0,330.0
North Devon 009D,28.0,57.0,290.0,304.0,237.0,262.0,217.0,306.0,94.0,381.0,241.0,307.0,274.0,337.0,105.0,320.0,182.0,341.0
North Devon 010A,40.0,89.0,282.0,305.0,229.0,254.0,226.0,304.0,86.0,373.0,233.0,308.0,282.0,337.0,96.0,329.0,174.0,342.0
North Devon 010B,33.0,84.0,282.0,305.0,229.0,254.0,226.0,304.0,79.0,373.0,233.0,308.0,282.0,337.0,90.0,329.0,174.0,342.0
North Devon 010C,35.0,83.0,282.0,305.0,229.0,254.0,226.0,304.0,78.0,373.0,233.0,308.0,282.0,337.0,91.0,329.0,174.0,342.0
North Devon 010D,34.0,84.0,282.0,305.0,229.0,254.0,226.0,304.0,85.0,373.0,233.0,308.0,282.0,337.0,82.0,329.0,174.0,342.0
North Devon 010E,32.0,79.0,282.0,305.0,229.0,254.0,226.0,304.0,81.0,373.0,233.0,308.0,282.0,337.0,83.0,329.0,174.0,342.0
North Devon 010F,27.0,73.0,282.0,305.0,229.0,254.0,226.0,304.0,75.0,373.0,233.0,308.0,282.0,337.0,82.0,329.0,174.0,342.0
North Devon 011A,31.0,43.0,293.0,302.0,240.0,265.0,212.0,305.0,97.0,384.0,243.0,305.0,273.0,336.0,115.0,315.0,185.0,339.0
North Devon 011B,37.0,40.0,299.0,307.0,246.0,271.0,211.0,307.0,103.0,390.0,246.0,310.0,276.0,339.0,121.0,314.0,191.0,344.0
North Devon 011C,35.0,47.0,297.0,310.0,244.0,269.0,216.0,309.0,101.0,388.0,247.0,313.0,277.0,342.0,119.0,319.0,189.0,347.0
North Devon 011D,62.0,69.0,9999.0,368.0,282.0,348.0,225.0,399.0,131.0,9999.0,309.0,377.0,295.0,409.0,156.0,328.0,291.0,425.0
North Devon 012A,32.0,59.0,294.0,315.0,241.0,266.0,224.0,314.0,98.0,385.0,245.0,318.0,280.0,347.0,116.0,327.0,186.0,352.0
North Devon 012B,35.0,60.0,300.0,320.0,247.0,272.0,223.0,319.0,100.0,391.0,251.0,323.0,282.0,352.0,122.0,326.0,192.0,357.0
North Devon 012D,46.0,96.0,282.0,305.0,229.0,254.0,226.0,304.0,100.0,373.0,233.0,308.0,282.0,337.0,76.0,329.0,174.0,342.0
North Devon 012E,65.0,114.0,9999.0,365.0,279.0,345.0,226.0,396.0,135.0,9999.0,306.0,374.0,294.0,406.0,153.0,329.0,288.0,422.0
North Devon 012F,37.0,65.0,303.0,325.0,250.0,275.0,225.0,324.0,102.0,394.0,254.0,328.0,285.0,357.0,125.0,328.0,195.0,362.0
North Devon 012G,33.0,52.0,295.0,314.0,242.0,267.0,222.0,313.0,99.0,386.0,246.0,317.0,279.0,346.0,117.0,325.0,187.0,351.0
North Devon 013A,155.0,196.0,9999.0,393.0,293.0,359.0,245.0,410.0,217.0,9999.0,320.0,388.0,311.0,420.0,167.0,348.0,302.0,436.0
North Devon 013B,141.0,184.0,309.0,332.0,256.0,281.0,246.0,331.0,206.0,400.0,260.0,335.0,302.0,364.0,80.0,349.0,201.0,369.0
North Devon 013C,110.0,154.0,282.0,305.0,229.0,254.0,226.0,304.0,177.0,373.0,233.0,308.0,282.0,337.0,30.0,329.0,174.0,342.0
North Devon 013D,112.0,156.0,282.0,305.0,229.0,254.0,226.0,304.0,179.0,373.0,233.0,308.0,282.0,337.0,34.0,329.0,174.0,342.0
North Devon 013E,110.0,154.0,281.0,304.0,228.0,253.0,226.0,303.0,177.0,372.0,232.0,307.0,281.0,336.0,24.0,328.0,173.0,341.0
North Devon 014A,113.0,157.0,283.0,306.0,230.0,255.0,227.0,305.0,180.0,374.0,234.0,309.0,283.0,338.0,65.0,330.0,175.0,343.0
North Devon 014B,279.0,272.0,228.0,244.0,128.0,201.0,342.0,210.0,361.0,297.0,170.0,201.0,196.0,255.0,243.0,239.0,207.0,240.0
North Devon 014C,137.0,176.0,256.0,279.0,203.0,228.0,226.0,278.0,195.0,347.0,207.0,282.0,256.0,311.0,116.0,303.0,148.0,316.0
Plymouth 001A,265.0,258.0,155.0,44.0,202.0,201.0,193.0,210.0,325.0,138.0,170.0,189.0,159.0,174.0,272.0,72.0,229.0,210.0
Plymouth 001B,268.0,262.0,165.0,48.0,206.0,211.0,197.0,220.0,329.0,154.0,180.0,189.0,154.0,184.0,274.0,62.0,239.0,219.0
Plymouth 001C,265.0,259.0,160.0,43.0,202.0,206.0,194.0,215.0,326.0,150.0,175.0,191.0,153.0,181.0,270.0,59.0,234.0,217.0
Plymouth 001D,265.0,254.0,166.0,51.0,207.0,212.0,189.0,221.0,321.0,163.0,181.0,191.0,150.0,187.0,275.0,55.0,240.0,221.0
Plymouth 002A,265.0,258.0,155.0,43.0,201.0,201.0,193.0,210.0,325.0,142.0,170.0,186.0,162.0,171.0,271.0,77.0,229.0,207.0
Plymouth 002B,275.0,267.0,157.0,51.0,208.0,203.0,202.0,212.0,334.0,147.0,172.0,191.0,161.0,178.0,283.0,76.0,231.0,214.0
Plymouth 002C,282.0,288.0,163.0,58.0,215.0,209.0,225.0,218.0,363.0,152.0,178.0,191.0,167.0,184.0,291.0,81.0,237.0,219.0
Plymouth 002D,278.0,266.0,157.0,53.0,211.0,203.0,201.0,212.0,333.0,146.0,172.0,191.0,163.0,178.0,289.0,79.0,233.0,214.0
Plymouth 002E,275.0,287.0,159.0,50.0,207.0,205.0,224.0,214.0,349.0,151.0,174.0,191.0,159.0,180.0,278.0,71.0,233.0,216.0
Plymouth 003A,263.0,255.0,155.0,40.0,201.0,201.0,193.0,210.0,322.0,140.0,170.0,174.0,172.0,158.0,271.0,83.0,229.0,194.0
Plymouth 003B,265.0,254.0,167.0,49.0,208.0,213.0,196.0,222.0,321.0,160.0,182.0,184.0,184.0,175.0,276.0,93.0,241.0,211.0
Plymouth 003C,266.0,251.0,168.0,50.0,210.0,214.0,192.0,223.0,318.0,157.0,183.0,185.0,181.0,176.0,278.0,89.0,242.0,212.0
Plymouth 003D,279.0,285.0,160.0,54.0,212.0,206.0,222.0,215.0,357.0,149.0,175.0,191.0,168.0,181.0,288.0,81.0,234.0,217.0
Plymouth 003E,297.0,301.0,180.0,68.0,226.0,227.0,238.0,236.0,379.0,172.0,196.0,199.0,182.0,198.0,294.0,88.0,255.0,229.0
Plymouth 004A,272.0,257.0,175.0,55.0,216.0,221.0,200.0,230.0,324.0,161.0,190.0,192.0,188.0,191.0,284.0,95.0,249.0,223.0
Plymouth 004B,261.0,246.0,164.0,44.0,205.0,210.0,190.0,219.0,313.0,156.0,179.0,187.0,219.0,180.0,273.0,112.0,238.0,216.0
Plymouth 004C,259.0,244.0,162.0,42.0,203.0,208.0,188.0,217.0,311.0,150.0,177.0,185.0,218.0,177.0,271.0,109.0,236.0,213.0
Plymouth 004D,259.0,244.0,162.0,37.0,203.0,208.0,188.0,217.0,311.0,144.0,177.0,183.0,213.0,172.0,271.0,103.0,236.0,208.0
Plymouth 005A,277.0,290.0,155.0,50.0,205.0,201.0,227.0,210.0,353.0,141.0,170.0,175.0,165.0,160.0,279.0,79.0,229.0,196.0
Plymouth 005B,289.0,301.0,155.0,57.0,209.0,201.0,238.0,210.0,371.0,139.0,170.0,172.0,180.0,155.0,286.0,83.0,230.0,190.0
Plymouth 005C,260.0,256.0,155.0,34.0,196.0,201.0,191.0,210.0,323.0,136.0,170.0,174.0,155.0,158.0,264.0,63.0,229.0,194.0
Plymouth 005D,279.0,291.0,155.0,52.0,207.0,201.0,228.0,210.0,357.0,137.0,170.0,173.0,168.0,156.0,282.0,80.0,229.0,192.0
Plymouth 005E,277.0,293.0,148.0,49.0,201.0,194.0,230.0,203.0,354.0,130.0,163.0,166.0,173.0,149.0,275.0,81.0,222.0,185.0
Plymouth 006A,253.0,238.0,156.0,39.0,197.0,202.0,182.0,211.0,305.0,138.0,171.0,189.0,211.0,175.0,265.0,96.0,230.0,211.0
Plymouth 006B,259.0,244.0,162.0,44.0,203.0,208.0,188.0,217.0,311.0,144.0,177.0,191.0,217.0,183.0,271.0,103.0,236.0,219.0
Plymouth 006C,254.0,239.0,157.0,41.0,198.0,203.0,183.0,212.0,306.0,139.0,172.0,189.0,195.0,176.0,266.0,91.0,231.0,212.0
Plymouth 006D,252.0,237.0,154.0,25.0,195.0,200.0,181.0,209.0,304.0,130.0,169.0,172.0,201.0,155.0,264.0,97.0,228.0,191.0
Plymouth 006E,252.0,237.0,158.0,35.0,199.0,204.0,181.0,213.0,304.0,143.0,173.0,180.0,220.0,167.0,267.0,104.0,232.0,203.0
Plymouth 007A,261.0,250.0,162.0,42.0,203.0,208.0,190.0,217.0,317.0,149.0,177.0,179.0,171.0,165.0,271.0,85.0,236.0,201.0
Plymouth 007B,262.0,259.0,155.0,37.0,197.0,201.0,197.0,210.0,326.0,140.0,170.0,179.0,177.0,164.0,265.0,86.0,229.0,200.0
Plymouth 007C,259.0,253.0,155.0,45.0,196.0,201.0,195.0,210.0,320.0,146.0,170.0,190.0,192.0,175.0,264.0,91.0,229.0,211.0
Plymouth 007D,260.0,248.0,155.0,42.0,201.0,201.0,188.0,210.0,315.0,146.0,170.0,184.0,171.0,169.0,271.0,81.0,229.0,205.0
Plymouth 007E,260.0,245.0,155.0,44.0,202.0,201.0,188.0,210.0,312.0,145.0,170.0,191.0,187.0,176.0,272.0,85.0,229.0,212.0
Plymouth 008A,259.0,253.0,155.0,31.0,196.0,201.0,190.0,210.0,320.0,134.0,170.0,175.0,162.0,159.0,264.0,77.0,229.0,195.0
Plymouth 008B,260.0,255.0,155.0,34.0,196.0,201.0,193.0,210.0,322.0,137.0,170.0,176.0,169.0,161.0,264.0,82.0,229.0,197.0
Plymouth 008C,266.0,263.0,155.0,41.0,200.0,201.0,201.0,210.0,330.0,144.0,170.0,183.0,185.0,168.0,269.0,90.0,229.0,204.0
Plymouth 008D,258.0,252.0,155.0,30.0,196.0,201.0,190.0,210.0,319.0,133.0,170.0,174.0,162.0,157.0,264.0,78.0,229.0,193.0
Plymouth 009A,252.0,237.0,155.0,28.0,196.0,201.0,181.0,210.0,304.0,133.0,170.0,174.0,209.0,158.0,264.0,105.0,229.0,194.0
Plymouth 009B,252.0,237.0,156.0,36.0,197.0,202.0,181.0,211.0,304.0,141.0,171.0,181.0,217.0,167.0,265.0,111.0,230.0,203.0
Plymouth 009C,252.0,237.0,154.0,28.0,195.0,200.0,181.0,209.0,304.0,135.0,169.0,175.0,211.0,160.0,264.0,102.0,228.0,196.0
Plymouth 009D,252.0,237.0,152.0,22.0,193.0,198.0,181.0,207.0,304.0,128.0,167.0,170.0,202.0,153.0,264.0,98.0,226.0,189.0
Plymouth 009E,252.0,237.0,155.0,33.0,196.0,201.0,181.0,210.0,304.0,138.0,170.0,178.0,214.0,163.0,264.0,107.0,229.0,199.0
Plymouth 009F,252.0,237.0,155.0,27.0,196.0,201.0,181.0,210.0,304.0,132.0,170.0,174.0,209.0,157.0,264.0,102.0,229.0,193.0
Plymouth 009G,252.0,237.0,155.0,29.0,196.0,201.0,181.0,210.0,304.0,135.0,170.0,175.0,208.0,160.0,264.0,103.0,229.0,196.0
Plymouth 010A,273.0,296.0,140.0,40.0,181.0,186.0,234.0,195.0,345.0,139.0,155.0,164.0,203.0,149.0,264.0,100.0,214.0,185.0
Plymouth 010B,278.0,295.0,155.0,54.0,204.0,201.0,232.0,210.0,356.0,143.0,170.0,177.0,182.0,162.0,277.0,89.0,229.0,198.0
Plymouth 010C,276.0,303.0,151.0,47.0,192.0,197.0,241.0,206.0,352.0,133.0,166.0,169.0,207.0,152.0,264.0,99.0,225.0,188.0
Plymouth 010D,279.0,298.0,145.0,49.0,196.0,191.0,236.0,200.0,357.0,127.0,160.0,163.0,190.0,146.0,272.0,92.0,219.0,176.0
Plymouth 010E,277.0,297.0,143.0,47.0,192.0,189.0,235.0,198.0,354.0,125.0,158.0,161.0,190.0,142.0,270.0,92.0,217.0,172.0
Plymouth 011A,253.0,242.0,155.0,33.0,196.0,201.0,186.0,210.0,309.0,130.0,170.0,179.0,181.0,164.0,264.0,91.0,229.0,200.0
Plymouth 011B,253.0,241.0,155.0,29.0,196.0,201.0,185.0,210.0,308.0,127.0,170.0,176.0,174.0,161.0,264.0,86.0,229.0,197.0
Plymouth 011C,252.0,239.0,155.0,31.0,196.0,201.0,183.0,210.0,306.0,130.0,170.0,178.0,181.0,163.0,264.0,92.0,229.0,199.0
Plymouth 011D,253.0,242.0,155.0,30.0,196.0,201.0,186.0,210.0,309.0,130.0,170.0,179.0,176.0,164.0,264.0,86.0,229.0,200.0
Plymouth 011E,252.0,240.0,155.0,26.0,196.0,201.0,184.0,210.0,307.0,132.0,170.0,174.0,184.0,158.0,264.0,89.0,229.0,194.0
Plymouth 012A,270.0,291.0,155.0,41.0,196.0,201.0,229.0,210.0,340.0,140.0,170.0,179.0,193.0,164.0,264.0,95.0,229.0,200.0
Plymouth 012B,270.0,290.0,145.0,36.0,186.0,191.0,228.0,200.0,339.0,136.0,160.0,169.0,192.0,154.0,264.0,94.0,219.0,190.0
Plymouth 012C,270.0,291.0,140.0,35.0,181.0,186.0,229.0,195.0,340.0,132.0,155.0,165.0,194.0,150.0,264.0,95.0,214.0,186.0
Plymouth 012D,268.0,286.0,155.0,41.0,196.0,201.0,224.0,210.0,335.0,145.0,170.0,184.0,198.0,169.0,264.0,96.0,229.0,205.0
Plymouth 012E,274.0,295.0,155.0,52.0,199.0,201.0,233.0,210.0,347.0,144.0,170.0,178.0,205.0,163.0,267.0,98.0,229.0,199.0
Plymouth 013A,252.0,237.0,148.0,18.0,189.0,194.0,181.0,203.0,304.0,124.0,163.0,167.0,186.0,150.0,264.0,92.0,222.0,186.0
Plymouth 013B,252.0,238.0,153.0,30.0,194.0,199.0,182.0,208.0,305.0,134.0,168.0,174.0,194.0,159.0,264.0,99.0,227.0,195.0
Plymouth 013C,252.0,237.0,149.0,22.0,190.0,195.0,181.0,204.0,304.0,128.0,164.0,169.0,183.0,154.0,264.0,93.0,223.0,190.0
Plymouth 013D,252.0,237.0,149.0,19.0,190.0,195.0,181.0,204.0,304.0,125.0,164.0,167.0,193.0,150.0,264.0,95.0,223.0,186.0
Plymouth 013E,252.0,237.0,147.0,17.0,188.0,193.0,181.0,202.0,304.0,123.0,162.0,166.0,185.0,149.0,264.0,90.0,221.0,185.0
Plymouth 014A,252.0,237.0,155.0,24.0,196.0,201.0,181.0,210.0,304.0,130.0,170.0,173.0,199.0,156.0,264.0,98.0,229.0,192.0
Plymouth 014B,252.0,237.0,152.0,22.0,193.0,198.0,181.0,207.0,304.0,128.0,167.0,170.0,196.0,153.0,264.0,97.0,226.0,189.0
Plymouth 014C,252.0,237.0,155.0,26.0,196.0,201.0,181.0,210.0,304.0,133.0,170.0,174.0,200.0,158.0,264.0,100.0,229.0,194.0
Plymouth 014D,252.0,237.0,150.0,20.0,191.0,196.0,181.0,205.0,304.0,125.0,165.0,168.0,202.0,151.0,264.0,99.0,224.0,187.0
Plymouth 014E,252.0,237.0,158.0,41.0,199.0,204.0,181.0,213.0,304.0,147.0,173.0,184.0,223.0,172.0,267.0,119.0,232.0,208.0
Plymouth 015A,280.0,299.0,142.0,50.0,194.0,188.0,237.0,197.0,359.0,134.0,157.0,148.0,217.0,130.0,271.0,118.0,218.0,161.0
Plymouth 015B,296.0,308.0,151.0,58.0,206.0,197.0,246.0,206.0,378.0,142.0,166.0,154.0,220.0,135.0,281.0,119.0,228.0,165.0
Plymouth 015C,277.0,294.0,136.0,45.0,188.0,182.0,231.0,191.0,353.0,128.0,151.0,135.0,221.0,124.0,268.0,117.0,215.0,154.0
Plymouth 015D,280.0,296.0,138.0,49.0,194.0,184.0,233.0,193.0,359.0,123.0,153.0,137.0,216.0,124.0,271.0,115.0,218.0,154.0
Plymouth 015E,298.0,308.0,150.0,57.0,208.0,196.0,245.0,205.0,381.0,134.0,165.0,151.0,219.0,132.0,284.0,119.0,229.0,162.0
Plymouth 016A,260.0,256.0,155.0,28.0,196.0,201.0,194.0,210.0,323.0,131.0,170.0,173.0,169.0,156.0,264.0,82.0,229.0,191.0
Plymouth 016B,259.0,254.0,147.0,20.0,188.0,193.0,190.0,202.0,321.0,123.0,162.0,165.0,162.0,148.0,264.0,77.0,221.0,183.0
Plymouth 016C,263.0,261.0,154.0,26.0,195.0,200.0,197.0,209.0,328.0,130.0,169.0,172.0,173.0,155.0,264.0,83.0,228.0,190.0
Plymouth 016D,265.0,266.0,152.0,27.0,193.0,198.0,202.0,207.0,332.0,131.0,167.0,170.0,183.0,153.0,264.0,88.0,226.0,188.0
Plymouth 016E,257.0,249.0,152.0,24.0,193.0,198.0,189.0,207.0,316.0,128.0,167.0,170.0,163.0,153.0,264.0,78.0,226.0,188.0
Plymouth 017A,261.0,258.0,153.0,26.0,194.0,199.0,197.0,208.0,325.0,124.0,168.0,171.0,177.0,154.0,264.0,85.0,227.0,190.0
Plymouth 017B,256.0,248.0,155.0,28.0,196.0,201.0,192.0,210.0,315.0,126.0,170.0,174.0,188.0,157.0,264.0,92.0,229.0,193.0
Plymouth 017C,261.0,258.0,149.0,22.0,190.0,195.0,197.0,204.0,325.0,122.0,164.0,167.0,177.0,150.0,264.0,85.0,223.0,185.0
Plymouth 017D,255.0,245.0,155.0,27.0,196.0,201.0,189.0,210.0,312.0,124.0,170.0,174.0,171.0,158.0,264.0,83.0,229.0,194.0
Plymouth 017E,258.0,251.0,155.0,31.0,196.0,201.0,194.0,210.0,318.0,124.0,170.0,174.0,181.0,158.0,264.0,88.0,229.0,194.0
Plymouth 018A,296.0,304.0,146.0,59.0,206.0,192.0,241.0,201.0,378.0,118.0,161.0,147.0,231.0,130.0,281.0,125.0,228.0,160.0
Plymouth 018B,293.0,302.0,144.0,57.0,205.0,190.0,239.0,199.0,375.0,119.0,159.0,146.0,226.0,129.0,279.0,122.0,226.0,160.0
Plymouth 018C,294.0,304.0,146.0,58.0,205.0,192.0,241.0,201.0,376.0,120.0,161.0,141.0,231.0,126.0,279.0,125.0,227.0,157.0
Plymouth 018D,307.0,313.0,155.0,72.0,217.0,201.0,250.0,210.0,400.0,133.0,170.0,164.0,220.0,147.0,330.0,120.0,239.0,177.0
Plymouth 019A,277.0,297.0,140.0,48.0,188.0,186.0,235.0,195.0,353.0,124.0,155.0,146.0,225.0,129.0,268.0,121.0,215.0,160.0
Plymouth 019B,273.0,296.0,139.0,47.0,181.0,185.0,234.0,194.0,346.0,118.0,154.0,150.0,224.0,131.0,264.0,120.0,213.0,162.0
Plymouth 019C,279.0,299.0,142.0,50.0,192.0,188.0,237.0,197.0,357.0,126.0,157.0,142.0,223.0,127.0,270.0,121.0,217.0,158.0
Plymouth 019D,269.0,289.0,132.0,40.0,175.0,178.0,227.0,187.0,338.0,124.0,147.0,139.0,203.0,126.0,260.0,110.0,207.0,156.0
Plymouth 019E,275.0,292.0,134.0,43.0,184.0,180.0,229.0,189.0,349.0,126.0,149.0,140.0,215.0,126.0,266.0,113.0,213.0,157.0
Plymouth 020A,252.0,237.0,154.0,28.0,195.0,200.0,181.0,209.0,304.0,135.0,169.0,176.0,202.0,161.0,264.0,100.0,228.0,197.0
Plymouth 020B,252.0,240.0,155.0,27.0,196.0,201.0,184.0,210.0,307.0,133.0,170.0,172.0,192.0,155.0,264.0,95.0,229.0,189.0
Plymouth 020C,252.0,237.0,149.0,25.0,190.0,195.0,181.0,204.0,304.0,132.0,164.0,173.0,198.0,158.0,264.0,97.0,223.0,194.0
Plymouth 020D,252.0,237.0,151.0,21.0,192.0,197.0,181.0,206.0,304.0,127.0,166.0,170.0,190.0,153.0,264.0,93.0,225.0,189.0
Plymouth 020E,253.0,242.0,154.0,25.0,195.0,200.0,186.0,209.0,309.0,134.0,169.0,169.0,188.0,152.0,264.0,93.0,228.0,185.0
Plymouth 021A,271.0,292.0,132.0,38.0,175.0,178.0,230.0,188.0,341.0,129.0,148.0,148.0,207.0,130.0,260.0,105.0,208.0,161.0
Plymouth 021B,266.0,283.0,115.0,34.0,169.0,142.0,221.0,172.0,333.0,121.0,117.0,128.0,206.0,123.0,255.0,105.0,202.0,154.0
Plymouth 021C,273.0,294.0,133.0,40.0,176.0,179.0,232.0,188.0,345.0,132.0,148.0,165.0,205.0,150.0,262.0,104.0,209.0,186.0
Plymouth 021D,270.0,291.0,130.0,33.0,174.0,176.0,229.0,185.0,340.0,129.0,145.0,148.0,202.0,130.0,259.0,102.0,206.0,161.0
Plymouth 021E,268.0,287.0,143.0,30.0,184.0,189.0,225.0,198.0,336.0,124.0,158.0,163.0,200.0,147.0,264.0,99.0,217.0,183.0
Plymouth 021F,268.0,286.0,135.0,32.0,176.0,181.0,224.0,190.0,335.0,115.0,150.0,142.0,204.0,127.0,262.0,106.0,209.0,158.0
Plymouth 022A,290.0,302.0,144.0,56.0,203.0,190.0,239.0,199.0,372.0,119.0,159.0,140.0,224.0,125.0,277.0,121.0,225.0,156.0
Plymouth 022B,296.0,304.0,146.0,58.0,206.0,192.0,241.0,201.0,378.0,117.0,161.0,142.0,231.0,127.0,281.0,125.0,228.0,157.0
Plymouth 022C,283.0,304.0,147.0,53.0,200.0,193.0,242.0,202.0,365.0,129.0,162.0,145.0,230.0,129.0,274.0,122.0,221.0,159.0
Plymouth 022D,294.0,307.0,150.0,60.0,205.0,196.0,245.0,205.0,376.0,128.0,165.0,144.0,235.0,128.0,279.0,126.0,227.0,159.0
Plymouth 022E,297.0,309.0,152.0,62.0,207.0,198.0,247.0,207.0,380.0,125.0,167.0,147.0,237.0,130.0,283.0,128.0,229.0,160.0
Plymouth 023A,263.0,261.0,149.0,22.0,190.0,195.0,198.0,204.0,328.0,124.0,164.0,166.0,175.0,149.0,264.0,84.0,223.0,183.0
Plymouth 023B,259.0,254.0,142.0,15.0,183.0,188.0,192.0,197.0,321.0,117.0,157.0,157.0,166.0,138.0,264.0,80.0,216.0,168.0
Plymouth 023C,258.0,251.0,147.0,21.0,188.0,193.0,193.0,202.0,318.0,123.0,162.0,165.0,178.0,148.0,264.0,86.0,221.0,183.0
Plymouth 023D,259.0,254.0,144.0,16.0,185.0,190.0,193.0,199.0,321.0,119.0,159.0,159.0,173.0,140.0,264.0,83.0,218.0,170.0
Plymouth 023E,256.0,247.0,141.0,15.0,182.0,187.0,191.0,196.0,314.0,118.0,156.0,157.0,187.0,138.0,264.0,90.0,215.0,168.0
Plymouth 024A,252.0,238.0,141.0,11.0,182.0,187.0,182.0,196.0,305.0,117.0,156.0,158.0,199.0,139.0,264.0,98.0,215.0,169.0
Plymouth 024B,252.0,240.0,146.0,24.0,187.0,192.0,184.0,201.0,307.0,131.0,161.0,166.0,190.0,150.0,264.0,93.0,220.0,186.0
Plymouth 024C,258.0,251.0,150.0,24.0,191.0,196.0,195.0,205.0,318.0,132.0,165.0,172.0,197.0,157.0,264.0,101.0,224.0,193.0
Plymouth 024D,252.0,237.0,148.0,18.0,189.0,194.0,181.0,203.0,304.0,124.0,163.0,167.0,191.0,150.0,264.0,92.0,222.0,186.0
Plymouth 025A,266.0,267.0,145.0,26.0,186.0,191.0,209.0,200.0,333.0,120.0,160.0,159.0,195.0,140.0,264.0,94.0,219.0,170.0
Plymouth 025B,262.0,260.0,143.0,20.0,184.0,189.0,199.0,198.0,327.0,120.0,158.0,151.0,182.0,132.0,264.0,88.0,217.0,162.0
Plymouth 025C,268.0,286.0,141.0,30.0,182.0,187.0,224.0,196.0,335.0,117.0,156.0,151.0,201.0,132.0,264.0,99.0,215.0,162.0
Plymouth 025D,267.0,284.0,135.0,30.0,176.0,181.0,222.0,190.0,334.0,113.0,150.0,139.0,206.0,126.0,262.0,103.0,209.0,156.0
Plymouth 025E,266.0,267.0,138.0,28.0,179.0,184.0,209.0,193.0,333.0,117.0,153.0,145.0,197.0,129.0,263.0,96.0,212.0,159.0
Plymouth 026A,252.0,237.0,155.0,23.0,196.0,201.0,181.0,210.0,304.0,128.0,170.0,174.0,196.0,157.0,264.0,96.0,229.0,193.0
Plymouth 026B,252.0,237.0,152.0,19.0,193.0,198.0,181.0,207.0,304.0,124.0,167.0,169.0,189.0,152.0,264.0,91.0,226.0,186.0
Plymouth 026C,252.0,237.0,152.0,19.0,193.0,198.0,181.0,207.0,304.0,124.0,167.0,170.0,197.0,153.0,264.0,98.0,226.0,189.0
Plymouth 026D,252.0,238.0,153.0,20.0,194.0,199.0,182.0,208.0,305.0,125.0,168.0,171.0,201.0,154.0,264.0,102.0,227.0,190.0
Plymouth 026E,252.0,238.0,153.0,20.0,194.0,199.0,182.0,208.0,305.0,125.0,168.0,171.0,201.0,154.0,264.0,101.0,227.0,190.0
Plymouth 027A,261.0,257.0,136.0,18.0,177.0,182.0,197.0,191.0,324.0,115.0,151.0,144.0,183.0,128.0,262.0,88.0,210.0,159.0
Plymouth 027B,258.0,252.0,136.0,14.0,177.0,182.0,195.0,191.0,319.0,112.0,151.0,141.0,184.0,127.0,262.0,89.0,210.0,157.0
Plymouth 027C,254.0,243.0,134.0,5.0,176.0,180.0,187.0,189.0,310.0,117.0,149.0,144.0,201.0,128.0,261.0,100.0,208.0,159.0
Plymouth 027E,257.0,250.0,139.0,15.0,180.0,185.0,194.0,194.0,317.0,115.0,154.0,147.0,198.0,130.0,264.0,98.0,213.0,160.0
Plymouth 027F,260.0,256.0,133.0,19.0,175.0,179.0,199.0,188.0,323.0,109.0,148.0,135.0,192.0,124.0,261.0,94.0,208.0,154.0
Plymouth 027G,256.0,248.0,134.0,14.0,176.0,180.0,192.0,189.0,315.0,111.0,149.0,137.0,186.0,125.0,261.0,90.0,208.0,155.0
Plymouth 028A,260.0,256.0,141.0,17.0,182.0,187.0,195.0,196.0,323.0,117.0,156.0,150.0,177.0,131.0,264.0,85.0,215.0,162.0
Plymouth 028B,264.0,263.0,132.0,25.0,175.0,178.0,207.0,187.0,330.0,112.0,147.0,136.0,202.0,124.0,260.0,100.0,207.0,155.0
Plymouth 028C,262.0,259.0,119.0,22.0,171.0,146.0,202.0,176.0,326.0,101.0,121.0,125.0,201.0,115.0,257.0,100.0,204.0,146.0
Plymouth 028D,262.0,260.0,126.0,23.0,172.0,172.0,204.0,181.0,327.0,106.0,141.0,128.0,204.0,118.0,257.0,102.0,204.0,148.0
Plymouth 028E,263.0,261.0,128.0,24.0,173.0,174.0,204.0,183.0,328.0,107.0,143.0,131.0,204.0,121.0,258.0,102.0,205.0,152.0
Plymouth 030A,269.0,289.0,146.0,38.0,187.0,192.0,227.0,201.0,338.0,99.0,161.0,142.0,217.0,127.0,264.0,118.0,220.0,158.0
Plymouth 030B,270.0,289.0,149.0,41.0,191.0,195.0,227.0,204.0,339.0,93.0,164.0,130.0,217.0,116.0,265.0,121.0,223.0,146.0
Plymouth 030C,280.0,298.0,153.0,50.0,203.0,199.0,236.0,208.0,360.0,100.0,168.0,131.0,226.0,116.0,277.0,127.0,227.0,146.0
Plymouth 030D,267.0,284.0,139.0,35.0,180.0,185.0,222.0,194.0,334.0,95.0,154.0,128.0,212.0,114.0,264.0,115.0,213.0,144.0
Plymouth 030E,269.0,288.0,146.0,40.0,187.0,192.0,226.0,201.0,337.0,94.0,161.0,132.0,216.0,118.0,264.0,120.0,220.0,148.0
Plymouth 031B,266.0,283.0,141.0,35.0,182.0,187.0,221.0,196.0,333.0,101.0,156.0,142.0,211.0,127.0,264.0,115.0,215.0,158.0
Plymouth 031C,269.0,289.0,138.0,37.0,179.0,184.0,227.0,193.0,338.0,109.0,153.0,141.0,217.0,127.0,263.0,117.0,212.0,157.0
Plymouth 031D,280.0,300.0,153.0,51.0,202.0,199.0,238.0,208.0,360.0,115.0,168.0,169.0,228.0,152.0,275.0,128.0,227.0,185.0
Plymouth 031E,274.0,294.0,146.0,44.0,192.0,192.0,232.0,201.0,348.0,108.0,161.0,162.0,222.0,144.0,269.0,124.0,220.0,174.0
Plymouth 031F,274.0,294.0,145.0,43.0,191.0,191.0,232.0,200.0,348.0,107.0,160.0,162.0,222.0,143.0,269.0,124.0,219.0,173.0
Plymouth 031G,264.0,264.0,133.0,33.0,175.0,179.0,208.0,188.0,331.0,106.0,148.0,130.0,207.0,118.0,261.0,113.0,208.0,148.0
Plymouth 031H,265.0,265.0,138.0,32.0,179.0,184.0,209.0,193.0,332.0,98.0,153.0,130.0,208.0,120.0,263.0,111.0,212.0,150.0
Plymouth 032A,279.0,296.0,155.0,47.0,204.0,201.0,233.0,210.0,357.0,109.0,170.0,149.0,223.0,131.0,277.0,124.0,229.0,161.0
Plymouth 032B,277.0,294.0,155.0,47.0,203.0,201.0,232.0,210.0,354.0,115.0,170.0,162.0,222.0,144.0,275.0,125.0,229.0,174.0
Plymouth 032C,274.0,291.0,151.0,45.0,200.0,197.0,229.0,206.0,348.0,113.0,166.0,166.0,219.0,149.0,272.0,125.0,225.0,181.0
Plymouth 032D,267.0,284.0,139.0,34.0,180.0,185.0,222.0,194.0,334.0,96.0,154.0,135.0,212.0,123.0,264.0,114.0,213.0,154.0
Plymouth 032E,272.0,292.0,145.0,41.0,189.0,191.0,230.0,200.0,344.0,106.0,160.0,158.0,220.0,139.0,267.0,122.0,219.0,169.0
Plymouth 033A,255.0,245.0,134.0,9.0,176.0,180.0,189.0,189.0,312.0,117.0,149.0,149.0,203.0,131.0,261.0,101.0,208.0,161.0
Plymouth 033B,255.0,246.0,142.0,18.0,183.0,188.0,190.0,197.0,313.0,128.0,157.0,166.0,194.0,151.0,264.0,100.0,216.0,187.0
Plymouth 033C,257.0,249.0,142.0,11.0,183.0,188.0,193.0,197.0,316.0,119.0,157.0,159.0,204.0,140.0,264.0,104.0,216.0,170.0
Plymouth 034A,254.0,243.0,148.0,16.0,189.0,194.0,187.0,203.0,310.0,121.0,163.0,166.0,206.0,149.0,264.0,106.0,222.0,184.0
Plymouth 034B,254.0,243.0,144.0,15.0,185.0,190.0,187.0,199.0,310.0,121.0,159.0,162.0,206.0,144.0,264.0,105.0,218.0,174.0
Plymouth 034C,257.0,250.0,142.0,11.0,183.0,188.0,194.0,197.0,317.0,117.0,157.0,153.0,204.0,134.0,264.0,103.0,216.0,164.0
Plymouth 034D,259.0,254.0,151.0,17.0,192.0,197.0,198.0,206.0,321.0,121.0,166.0,166.0,211.0,149.0,264.0,109.0,225.0,181.0
Plymouth 034E,256.0,248.0,148.0,22.0,189.0,194.0,192.0,203.0,315.0,129.0,163.0,172.0,209.0,157.0,264.0,113.0,222.0,193.0
South Hams 001A,270.0,284.0,163.0,55.0,204.0,209.0,221.0,218.0,340.0,155.0,178.0,191.0,157.0,184.0,272.0,67.0,237.0,219.0
South Hams 001B,268.0,260.0,167.0,53.0,208.0,213.0,195.0,222.0,327.0,166.0,182.0,191.0,153.0,188.0,276.0,60.0,241.0,221.0
South Hams 001C,269.0,267.0,161.0,54.0,202.0,207.0,202.0,216.0,334.0,153.0,176.0,191.0,157.0,182.0,270.0,65.0,235.0,218.0
South Hams 001D,303.0,313.0,126.0,71.0,200.0,172.0,250.0,181.0,392.0,143.0,141.0,131.0,222.0,116.0,322.0,130.0,210.0,147.0
South Hams 002A,337.0,324.0,157.0,115.0,231.0,203.0,261.0,212.0,421.0,179.0,172.0,184.0,191.0,171.0,351.0,109.0,241.0,207.0
South Hams 002B,290.0,312.0,100.0,113.0,187.0,152.0,250.0,187.0,372.0,173.0,146.0,99.0,218.0,126.0,260.0,185.0,214.0,148.0
South Hams 002C,284.0,312.0,94.0,72.0,164.0,131.0,250.0,167.0,366.0,112.0,118.0,100.0,212.0,81.0,254.0,146.0,195.0,112.0
South Hams 002D,284.0,312.0,94.0,92.0,164.0,131.0,250.0,167.0,366.0,121.0,118.0,100.0,212.0,81.0,254.0,168.0,195.0,112.0
South Hams 002E,279.0,312.0,89.0,85.0,157.0,124.0,250.0,160.0,361.0,112.0,111.0,95.0,207.0,72.0,249.0,161.0,188.0,103.0
South Hams 003A,279.0,312.0,110.0,112.0,170.0,149.0,263.0,173.0,361.0,74.0,129.0,55.0,207.0,40.0,249.0,186.0,202.0,73.0
South Hams 003B,284.0,317.0,120.0,121.0,176.0,161.0,270.0,181.0,366.0,79.0,141.0,72.0,212.0,44.0,254.0,199.0,208.0,77.0
South Hams 003C,305.0,334.0,135.0,129.0,201.0,179.0,314.0,194.0,387.0,84.0,154.0,89.0,226.0,66.0,275.0,208.0,221.0,99.0
South Hams 003D,279.0,312.0,112.0,117.0,172.0,152.0,266.0,175.0,361.0,71.0,132.0,58.0,207.0,43.0,249.0,192.0,203.0,75.0
South Hams 003E,279.0,312.0,116.0,121.0,174.0,156.0,270.0,177.0,361.0,69.0,136.0,62.0,207.0,46.0,249.0,199.0,205.0,78.0
South Hams 004A,380.0,459.0,174.0,189.0,256.0,240.0,342.0,290.0,421.0,140.0,229.0,125.0,273.0,60.0,351.0,266.0,324.0,96.0
South Hams 004B,369.0,370.0,156.0,165.0,238.0,212.0,342.0,221.0,410.0,172.0,181.0,115.0,256.0,82.0,340.0,251.0,250.0,114.0
South Hams 004C,279.0,312.0,104.0,146.0,176.0,161.0,335.0,182.0,361.0,95.0,141.0,76.0,207.0,37.0,249.0,236.0,207.0,55.0
South Hams 004D,380.0,372.0,168.0,167.0,242.0,214.0,355.0,253.0,421.0,84.0,213.0,125.0,261.0,139.0,351.0,245.0,252.0,169.0
South Hams 005A,288.0,312.0,98.0,57.0,167.0,134.0,250.0,170.0,370.0,120.0,121.0,105.0,215.0,87.0,258.0,129.0,198.0,118.0
South Hams 005B,288.0,312.0,98.0,67.0,167.0,135.0,250.0,170.0,370.0,118.0,122.0,103.0,216.0,86.0,258.0,137.0,199.0,116.0
South Hams 005C,296.0,312.0,106.0,71.0,175.0,143.0,250.0,180.0,378.0,128.0,138.0,113.0,221.0,95.0,266.0,139.0,207.0,125.0
South Hams 005D,290.0,312.0,100.0,65.0,170.0,137.0,250.0,173.0,372.0,123.0,127.0,108.0,218.0,90.0,260.0,136.0,201.0,120.0
South Hams 005E,302.0,312.0,118.0,67.0,187.0,152.0,250.0,187.0,390.0,129.0,146.0,121.0,226.0,109.0,278.0,135.0,214.0,139.0
South Hams 005F,300.0,312.0,114.0,71.0,185.0,150.0,250.0,186.0,386.0,131.0,145.0,119.0,225.0,105.0,274.0,137.0,213.0,135.0
South Hams 005G,301.0,312.0,116.0,66.0,185.0,150.0,250.0,186.0,388.0,128.0,145.0,120.0,225.0,107.0,276.0,134.0,213.0,137.0
South Hams 006A,380.0,455.0,189.0,170.0,278.0,236.0,9999.0,286.0,421.0,87.0,224.0,173.0,9999.0,158.0,351.0,247.0,320.0,194.0
South Hams 006B,380.0,387.0,170.0,167.0,252.0,227.0,353.0,239.0,421.0,105.0,199.0,123.0,270.0,123.0,351.0,252.0,267.0,154.0
South Hams 006C,302.0,322.0,131.0,106.0,184.0,169.0,260.0,185.0,384.0,91.0,145.0,78.0,224.0,62.0,272.0,180.0,212.0,94.0
South Hams 007A,380.0,374.0,170.0,185.0,244.0,216.0,357.0,255.0,421.0,112.0,215.0,127.0,263.0,86.0,351.0,256.0,254.0,122.0
South Hams 007B,380.0,367.0,163.0,176.0,237.0,209.0,350.0,248.0,421.0,103.0,208.0,120.0,256.0,80.0,351.0,251.0,247.0,116.0
South Hams 007C,380.0,363.0,159.0,172.0,233.0,205.0,346.0,244.0,421.0,99.0,204.0,116.0,252.0,90.0,351.0,248.0,243.0,126.0
South Hams 007D,380.0,368.0,164.0,177.0,238.0,210.0,351.0,249.0,421.0,104.0,209.0,121.0,257.0,96.0,351.0,251.0,248.0,127.0
South Hams 008A,469.0,513.0,226.0,139.0,334.0,286.0,9999.0,294.0,521.0,97.0,246.0,217.0,9999.0,204.0,459.0,218.0,328.0,237.0
South Hams 008B,323.0,310.0,155.0,82.0,226.0,201.0,247.0,210.0,418.0,62.0,170.0,188.0,245.0,173.0,348.0,162.0,239.0,209.0
South Hams 008C,331.0,318.0,160.0,90.0,234.0,206.0,255.0,215.0,421.0,78.0,175.0,177.0,253.0,162.0,351.0,170.0,244.0,198.0
South Hams 008D,293.0,298.0,155.0,55.0,212.0,201.0,235.0,210.0,375.0,74.0,170.0,159.0,233.0,140.0,293.0,129.0,234.0,170.0
South Hams 009A,483.0,527.0,238.0,143.0,348.0,300.0,9999.0,298.0,535.0,145.0,250.0,226.0,9999.0,215.0,473.0,222.0,332.0,245.0
South Hams 009B,300.0,327.0,176.0,67.0,217.0,222.0,265.0,231.0,382.0,138.0,191.0,166.0,257.0,147.0,285.0,151.0,250.0,177.0
South Hams 009C,350.0,338.0,193.0,104.0,282.0,240.0,275.0,290.0,420.0,167.0,228.0,197.0,278.0,196.0,350.0,188.0,324.0,227.0
South Hams 009D,289.0,295.0,155.0,53.0,212.0,201.0,232.0,210.0,371.0,82.0,170.0,155.0,230.0,136.0,292.0,127.0,233.0,166.0
South Hams 010A,353.0,342.0,169.0,114.0,243.0,215.0,279.0,224.0,421.0,12.0,184.0,126.0,262.0,115.0,351.0,194.0,253.0,146.0
South Hams 010B,348.0,335.0,163.0,107.0,237.0,209.0,272.0,218.0,421.0,7.0,178.0,120.0,256.0,109.0,351.0,187.0,247.0,140.0
South Hams 010C,353.0,340.0,163.0,114.0,237.0,209.0,279.0,218.0,421.0,11.0,178.0,120.0,256.0,109.0,351.0,194.0,247.0,140.0
South Hams 011A,374.0,467.0,201.0,182.0,290.0,248.0,9999.0,298.0,437.0,74.0,236.0,185.0,9999.0,170.0,367.0,246.0,332.0,206.0
South Hams 011B,380.0,383.0,179.0,173.0,253.0,225.0,366.0,264.0,421.0,90.0,224.0,136.0,272.0,140.0,351.0,248.0,263.0,171.0
South Hams 011C,477.0,521.0,283.0,198.0,342.0,294.0,9999.0,405.0,529.0,116.0,280.0,220.0,9999.0,209.0,467.0,262.0,9999.0,239.0
South Hams 012A,380.0,388.0,181.0,178.0,258.0,227.0,371.0,239.0,421.0,52.0,199.0,141.0,277.0,130.0,351.0,251.0,268.0,161.0
South Hams 012B,380.0,450.0,185.0,187.0,273.0,231.0,9999.0,281.0,421.0,60.0,219.0,168.0,9999.0,153.0,351.0,255.0,315.0,189.0
South Hams 012C,386.0,479.0,213.0,165.0,302.0,260.0,9999.0,310.0,427.0,79.0,248.0,197.0,9999.0,182.0,357.0,244.0,344.0,218.0
Teignbridge 001A,257.0,250.0,129.0,147.0,106.0,110.0,185.0,154.0,317.0,208.0,88.0,122.0,122.0,192.0,249.0,207.0,136.0,171.0
Teignbridge 001B,252.0,237.0,176.0,196.0,116.0,141.0,172.0,146.0,304.0,216.0,103.0,146.0,109.0,214.0,249.0,194.0,147.0,193.0
Teignbridge 001C,252.0,237.0,176.0,198.0,116.0,141.0,172.0,146.0,304.0,216.0,105.0,146.0,109.0,214.0,249.0,194.0,147.0,193.0
Teignbridge 001D,372.0,351.0,187.0,241.0,208.0,215.0,334.0,232.0,413.0,294.0,192.0,193.0,199.0,251.0,343.0,291.0,231.0,236.0
Teignbridge 002A,261.0,257.0,83.0,134.0,100.0,72.0,192.0,123.0,324.0,182.0,62.0,91.0,129.0,135.0,249.0,191.0,106.0,127.0
Teignbridge 002B,276.0,302.0,97.0,153.0,141.0,106.0,332.0,159.0,351.0,190.0,94.0,85.0,197.0,149.0,249.0,242.0,160.0,130.0
Teignbridge 002C,262.0,260.0,86.0,134.0,100.0,72.0,195.0,123.0,327.0,185.0,63.0,94.0,132.0,139.0,249.0,193.0,106.0,130.0
Teignbridge 002D,275.0,300.0,101.0,167.0,119.0,92.0,330.0,134.0,349.0,204.0,80.0,86.0,195.0,143.0,249.0,247.0,125.0,117.0
Teignbridge 002E,273.0,297.0,98.0,161.0,116.0,89.0,327.0,131.0,346.0,204.0,77.0,99.0,192.0,155.0,249.0,244.0,119.0,129.0
Teignbridge 003A,361.0,341.0,66.0,161.0,197.0,162.0,342.0,202.0,402.0,216.0,151.0,113.0,233.0,184.0,332.0,252.0,220.0,163.0
Teignbridge 003B,279.0,312.0,199.0,198.0,176.0,181.0,342.0,210.0,361.0,297.0,155.0,199.0,207.0,253.0,249.0,266.0,207.0,240.0
Teignbridge 003C,462.0,506.0,189.0,275.0,327.0,339.0,9999.0,390.0,514.0,294.0,300.0,228.0,416.0,274.0,452.0,343.0,9999.0,272.0
Teignbridge 003D,380.0,359.0,182.0,262.0,216.0,224.0,342.0,240.0,421.0,311.0,200.0,204.0,207.0,261.0,351.0,299.0,239.0,246.0
Teignbridge 004A,279.0,312.0,34.0,122.0,146.0,116.0,276.0,162.0,361.0,186.0,100.0,59.0,207.0,130.0,249.0,195.0,178.0,109.0
Teignbridge 004B,279.0,309.0,28.0,113.0,143.0,113.0,267.0,159.0,358.0,175.0,96.0,53.0,204.0,123.0,249.0,189.0,175.0,102.0
Teignbridge 004C,275.0,301.0,70.0,148.0,135.0,105.0,329.0,173.0,350.0,187.0,102.0,67.0,196.0,126.0,249.0,239.0,167.0,110.0
Teignbridge 004D,273.0,296.0,66.0,144.0,130.0,100.0,325.0,171.0,345.0,179.0,97.0,63.0,191.0,122.0,249.0,235.0,162.0,107.0
Teignbridge 004E,275.0,301.0,69.0,147.0,135.0,105.0,328.0,172.0,350.0,186.0,102.0,66.0,196.0,125.0,249.0,238.0,167.0,109.0
Teignbridge 004F,275.0,300.0,56.0,134.0,134.0,104.0,315.0,166.0,349.0,176.0,98.0,54.0,195.0,119.0,249.0,225.0,166.0,98.0
Teignbridge 005B,279.0,312.0,119.0,194.0,152.0,122.0,342.0,161.0,361.0,206.0,111.0,81.0,207.0,134.0,249.0,271.0,183.0,108.0
Teignbridge 005C,279.0,312.0,119.0,188.0,139.0,112.0,342.0,154.0,361.0,206.0,100.0,81.0,207.0,133.0,249.0,267.0,164.0,107.0
Teignbridge 005D,279.0,312.0,117.0,190.0,145.0,118.0,342.0,158.0,361.0,206.0,106.0,80.0,207.0,133.0,249.0,270.0,176.0,107.0
Teignbridge 005E,279.0,312.0,139.0,194.0,144.0,117.0,342.0,159.0,361.0,214.0,105.0,99.0,207.0,142.0,249.0,271.0,174.0,116.0
Teignbridge 005F,279.0,312.0,123.0,188.0,139.0,112.0,342.0,154.0,361.0,208.0,100.0,85.0,207.0,139.0,249.0,267.0,164.0,113.0
Teignbridge 006A,279.0,312.0,108.0,182.0,139.0,112.0,342.0,153.0,361.0,200.0,100.0,71.0,207.0,122.0,249.0,261.0,164.0,96.0
Teignbridge 006B,279.0,312.0,108.0,188.0,151.0,126.0,342.0,159.0,361.0,201.0,113.0,72.0,207.0,122.0,249.0,271.0,183.0,96.0
Teignbridge 006C,279.0,312.0,110.0,188.0,147.0,120.0,342.0,157.0,361.0,202.0,108.0,75.0,207.0,126.0,249.0,268.0,179.0,100.0
Teignbridge 006D,279.0,312.0,115.0,194.0,153.0,126.0,342.0,161.0,361.0,205.0,115.0,79.0,207.0,132.0,249.0,271.0,184.0,106.0
Teignbridge 007A,280.0,313.0,5.0,112.0,148.0,117.0,265.0,157.0,362.0,173.0,96.0,52.0,208.0,122.0,250.0,188.0,179.0,101.0
Teignbridge 007B,279.0,311.0,40.0,102.0,145.0,115.0,264.0,145.0,360.0,147.0,90.0,64.0,206.0,116.0,249.0,180.0,177.0,115.0
Teignbridge 007C,279.0,312.0,38.0,98.0,150.0,118.0,257.0,153.0,361.0,147.0,99.0,44.0,207.0,108.0,249.0,174.0,182.0,92.0
Teignbridge 007D,288.0,321.0,75.0,151.0,174.0,142.0,332.0,178.0,370.0,197.0,136.0,104.0,216.0,170.0,258.0,242.0,206.0,154.0
Teignbridge 008A,279.0,312.0,111.0,217.0,164.0,142.0,342.0,167.0,361.0,204.0,126.0,76.0,207.0,123.0,249.0,277.0,196.0,97.0
Teignbridge 008B,279.0,312.0,104.0,182.0,163.0,140.0,342.0,166.0,361.0,198.0,125.0,64.0,207.0,112.0,249.0,271.0,194.0,86.0
Teignbridge 008C,279.0,312.0,106.0,184.0,160.0,138.0,342.0,164.0,361.0,199.0,122.0,67.0,207.0,116.0,249.0,272.0,192.0,90.0
Teignbridge 008D,279.0,312.0,106.0,184.0,153.0,130.0,342.0,160.0,361.0,199.0,115.0,68.0,207.0,117.0,249.0,272.0,185.0,91.0
Teignbridge 008E,279.0,312.0,109.0,189.0,167.0,144.0,342.0,170.0,361.0,201.0,129.0,69.0,207.0,117.0,249.0,275.0,198.0,91.0
Teignbridge 009A,271.0,293.0,83.0,148.0,156.0,139.0,323.0,170.0,342.0,162.0,122.0,31.0,188.0,93.0,249.0,233.0,187.0,76.0
Teignbridge 009B,272.0,294.0,83.0,147.0,157.0,140.0,324.0,170.0,343.0,155.0,123.0,29.0,189.0,89.0,249.0,231.0,188.0,74.0
Teignbridge 009C,269.0,289.0,83.0,146.0,153.0,138.0,319.0,168.0,338.0,163.0,118.0,31.0,184.0,93.0,249.0,229.0,184.0,77.0
Teignbridge 009D,272.0,295.0,82.0,149.0,152.0,128.0,325.0,171.0,344.0,166.0,118.0,27.0,190.0,89.0,249.0,235.0,184.0,73.0
Teignbridge 009E,276.0,302.0,83.0,153.0,157.0,134.0,332.0,174.0,351.0,165.0,123.0,26.0,197.0,91.0,249.0,239.0,188.0,71.0
Teignbridge 009F,271.0,292.0,83.0,148.0,153.0,135.0,322.0,169.0,341.0,165.0,119.0,30.0,187.0,93.0,249.0,232.0,185.0,76.0
Teignbridge 010A,279.0,312.0,93.0,171.0,157.0,135.0,342.0,162.0,361.0,192.0,119.0,51.0,207.0,100.0,249.0,262.0,189.0,79.0
Teignbridge 010B,279.0,312.0,93.0,171.0,153.0,130.0,342.0,160.0,361.0,192.0,115.0,52.0,207.0,102.0,249.0,262.0,185.0,80.0
Teignbridge 010C,279.0,312.0,93.0,171.0,159.0,137.0,342.0,163.0,361.0,192.0,121.0,51.0,207.0,99.0,249.0,262.0,191.0,79.0
Teignbridge 010D,279.0,312.0,99.0,177.0,163.0,141.0,342.0,166.0,361.0,195.0,125.0,57.0,207.0,105.0,249.0,268.0,195.0,81.0
Teignbridge 011A,279.0,312.0,99.0,177.0,170.0,149.0,342.0,173.0,361.0,195.0,132.0,52.0,207.0,116.0,249.0,268.0,202.0,92.0
Teignbridge 011B,279.0,312.0,87.0,165.0,166.0,144.0,342.0,169.0,361.0,189.0,128.0,47.0,207.0,116.0,249.0,256.0,198.0,93.0
Teignbridge 011C,273.0,297.0,83.0,150.0,161.0,146.0,327.0,172.0,346.0,166.0,126.0,36.0,192.0,100.0,249.0,237.0,192.0,82.0
Teignbridge 011D,279.0,312.0,105.0,183.0,168.0,145.0,342.0,171.0,361.0,198.0,130.0,65.0,207.0,95.0,249.0,272.0,199.0,76.0
Teignbridge 011E,292.0,325.0,148.0,233.0,189.0,173.0,342.0,195.0,374.0,203.0,154.0,100.0,219.0,108.0,262.0,291.0,215.0,82.0
Teignbridge 012A,279.0,309.0,64.0,133.0,163.0,132.0,318.0,167.0,358.0,154.0,117.0,15.0,204.0,81.0,249.0,227.0,194.0,65.0
Teignbridge 012B,279.0,312.0,67.0,135.0,165.0,135.0,320.0,168.0,361.0,163.0,120.0,20.0,207.0,86.0,249.0,230.0,197.0,69.0
Teignbridge 012C,279.0,312.0,68.0,140.0,167.0,138.0,324.0,170.0,361.0,161.0,123.0,21.0,207.0,87.0,249.0,233.0,199.0,70.0
Teignbridge 012D,279.0,309.0,70.0,144.0,165.0,137.0,329.0,173.0,358.0,159.0,126.0,21.0,204.0,84.0,249.0,234.0,196.0,66.0
Teignbridge 013A,279.0,312.0,95.0,170.0,176.0,161.0,342.0,182.0,361.0,170.0,141.0,51.0,207.0,115.0,249.0,253.0,207.0,101.0
Teignbridge 013B,279.0,312.0,83.0,149.0,176.0,147.0,342.0,182.0,361.0,147.0,140.0,27.0,207.0,87.0,249.0,236.0,207.0,76.0
Teignbridge 013D,277.0,305.0,76.0,154.0,154.0,132.0,335.0,176.0,354.0,169.0,120.0,31.0,200.0,97.0,249.0,242.0,186.0,76.0
Teignbridge 013E,279.0,312.0,66.0,133.0,165.0,133.0,319.0,168.0,361.0,165.0,119.0,21.0,207.0,87.0,249.0,229.0,196.0,71.0
Teignbridge 013F,279.0,312.0,65.0,132.0,164.0,133.0,318.0,167.0,361.0,164.0,119.0,22.0,207.0,89.0,249.0,228.0,196.0,72.0
Teignbridge 014A,279.0,312.0,87.0,167.0,170.0,148.0,342.0,182.0,361.0,175.0,136.0,31.0,207.0,83.0,249.0,251.0,201.0,63.0
Teignbridge 014B,279.0,308.0,71.0,144.0,164.0,137.0,330.0,173.0,357.0,153.0,126.0,11.0,203.0,69.0,249.0,233.0,195.0,50.0
Teignbridge 014C,276.0,303.0,63.0,137.0,159.0,132.0,322.0,169.0,352.0,146.0,120.0,3.0,198.0,72.0,249.0,225.0,191.0,54.0
Teignbridge 014D,279.0,310.0,72.0,146.0,166.0,139.0,331.0,174.0,359.0,156.0,128.0,12.0,205.0,76.0,249.0,235.0,198.0,57.0
Teignbridge 015A,279.0,312.0,64.0,138.0,167.0,137.0,323.0,170.0,361.0,156.0,121.0,14.0,207.0,82.0,249.0,231.0,198.0,64.0
Teignbridge 015B,279.0,309.0,67.0,140.0,165.0,137.0,326.0,171.0,358.0,147.0,124.0,9.0,204.0,78.0,249.0,228.0,196.0,61.0
Teignbridge 015C,279.0,312.0,73.0,147.0,169.0,142.0,332.0,174.0,361.0,155.0,130.0,14.0,207.0,84.0,249.0,235.0,201.0,67.0
Teignbridge 015D,279.0,312.0,81.0,156.0,171.0,147.0,340.0,180.0,361.0,165.0,136.0,24.0,207.0,77.0,249.0,243.0,202.0,57.0
Teignbridge 016A,279.0,312.0,85.0,163.0,170.0,149.0,342.0,182.0,361.0,172.0,136.0,29.0,207.0,81.0,249.0,248.0,202.0,61.0
Teignbridge 016B,279.0,312.0,83.0,161.0,175.0,157.0,342.0,182.0,361.0,173.0,141.0,31.0,207.0,81.0,249.0,248.0,206.0,60.0
Teignbridge 016C,279.0,312.0,83.0,158.0,172.0,152.0,342.0,182.0,361.0,168.0,138.0,26.0,207.0,74.0,249.0,245.0,204.0,54.0
Teignbridge 016D,279.0,312.0,87.0,161.0,176.0,158.0,342.0,182.0,361.0,171.0,141.0,34.0,207.0,86.0,249.0,247.0,207.0,65.0
Teignbridge 017A,279.0,312.0,89.0,113.0,176.0,141.0,250.0,182.0,361.0,171.0,140.0,57.0,207.0,107.0,249.0,185.0,207.0,103.0
Teignbridge 017B,279.0,312.0,89.0,113.0,176.0,141.0,250.0,182.0,361.0,166.0,140.0,56.0,207.0,104.0,249.0,185.0,207.0,102.0
Teignbridge 017C,279.0,312.0,89.0,113.0,176.0,141.0,250.0,182.0,361.0,170.0,140.0,64.0,207.0,110.0,249.0,185.0,207.0,110.0
Teignbridge 017D,279.0,312.0,89.0,113.0,176.0,141.0,250.0,182.0,361.0,155.0,140.0,76.0,207.0,104.0,249.0,185.0,207.0,125.0
Teignbridge 017E,279.0,312.0,89.0,112.0,176.0,141.0,250.0,182.0,361.0,98.0,140.0,68.0,207.0,96.0,249.0,185.0,207.0,114.0
Teignbridge 018A,279.0,312.0,101.0,181.0,176.0,161.0,342.0,182.0,361.0,191.0,141.0,53.0,207.0,105.0,249.0,262.0,207.0,84.0
Teignbridge 018B,279.0,312.0,83.0,158.0,171.0,150.0,342.0,182.0,361.0,166.0,137.0,28.0,207.0,61.0,249.0,245.0,203.0,41.0
Teignbridge 018C,279.0,312.0,86.0,165.0,175.0,157.0,342.0,182.0,361.0,173.0,141.0,35.0,207.0,63.0,249.0,250.0,206.0,43.0
Teignbridge 018D,279.0,312.0,83.0,159.0,172.0,151.0,342.0,182.0,361.0,167.0,138.0,29.0,207.0,62.0,249.0,246.0,203.0,42.0
Teignbridge 019A,279.0,312.0,86.0,152.0,176.0,147.0,342.0,182.0,361.0,151.0,140.0,36.0,207.0,90.0,249.0,241.0,207.0,86.0
Teignbridge 019B,303.0,336.0,132.0,212.0,200.0,183.0,342.0,206.0,385.0,188.0,165.0,88.0,230.0,150.0,273.0,274.0,225.0,136.0
Teignbridge 019C,279.0,312.0,88.0,147.0,176.0,151.0,341.0,182.0,361.0,141.0,141.0,39.0,207.0,81.0,249.0,234.0,207.0,87.0
Teignbridge 019D,279.0,312.0,89.0,149.0,176.0,152.0,341.0,182.0,361.0,138.0,141.0,40.0,207.0,78.0,249.0,234.0,207.0,89.0
Torbay 001A,279.0,312.0,102.0,188.0,176.0,161.0,342.0,182.0,361.0,188.0,141.0,62.0,207.0,58.0,249.0,264.0,207.0,29.0
Torbay 001B,279.0,312.0,100.0,190.0,176.0,161.0,342.0,182.0,361.0,188.0,141.0,60.0,207.0,58.0,249.0,265.0,207.0,30.0
Torbay 001C,279.0,312.0,111.0,197.0,176.0,163.0,342.0,188.0,361.0,188.0,147.0,76.0,207.0,63.0,249.0,267.0,210.0,37.0
Torbay 001D,279.0,312.0,108.0,193.0,176.0,161.0,342.0,186.0,361.0,188.0,145.0,71.0,207.0,61.0,249.0,266.0,208.0,33.0
Torbay 001E,279.0,312.0,111.0,195.0,176.0,161.0,342.0,185.0,361.0,188.0,145.0,72.0,207.0,61.0,249.0,268.0,207.0,33.0
Torbay 002A,279.0,312.0,110.0,186.0,176.0,161.0,342.0,183.0,361.0,188.0,142.0,70.0,207.0,55.0,249.0,263.0,207.0,30.0
Torbay 002B,279.0,312.0,102.0,182.0,176.0,161.0,342.0,182.0,361.0,188.0,141.0,66.0,207.0,52.0,249.0,261.0,207.0,26.0
Torbay 002C,279.0,312.0,106.0,181.0,176.0,161.0,342.0,182.0,361.0,188.0,141.0,66.0,207.0,51.0,249.0,261.0,207.0,30.0
Torbay 002D,279.0,312.0,108.0,171.0,176.0,161.0,342.0,182.0,361.0,181.0,142.0,70.0,207.0,42.0,249.0,254.0,207.0,24.0
Torbay 003A,279.0,312.0,94.0,163.0,176.0,161.0,342.0,182.0,361.0,171.0,141.0,51.0,207.0,52.0,249.0,250.0,207.0,40.0
Torbay 003B,279.0,312.0,93.0,167.0,176.0,161.0,342.0,182.0,361.0,168.0,141.0,48.0,207.0,59.0,249.0,252.0,207.0,42.0
Torbay 003C,279.0,312.0,94.0,167.0,176.0,161.0,342.0,182.0,361.0,177.0,141.0,51.0,207.0,52.0,249.0,253.0,207.0,35.0
Torbay 003E,279.0,312.0,91.0,170.0,176.0,161.0,342.0,182.0,361.0,186.0,141.0,50.0,207.0,61.0,249.0,256.0,207.0,39.0
Torbay 003F,279.0,312.0,90.0,166.0,176.0,161.0,342.0,182.0,361.0,174.0,141.0,42.0,207.0,56.0,249.0,252.0,207.0,37.0
Torbay 003G,279.0,312.0,101.0,190.0,176.0,161.0,342.0,182.0,361.0,188.0,141.0,61.0,207.0,61.0,249.0,264.0,207.0,34.0
Torbay 003H,279.0,312.0,100.0,187.0,176.0,161.0,342.0,182.0,361.0,188.0,141.0,60.0,207.0,58.0,249.0,264.0,207.0,30.0
Torbay 004A,279.0,312.0,96.0,180.0,176.0,161.0,342.0,182.0,361.0,188.0,141.0,54.0,207.0,53.0,249.0,261.0,207.0,29.0
Torbay 004B,279.0,312.0,96.0,175.0,176.0,161.0,342.0,182.0,361.0,188.0,141.0,54.0,207.0,47.0,249.0,256.0,207.0,28.0
Torbay 004C,279.0,312.0,100.0,178.0,176.0,161.0,342.0,182.0,361.0,188.0,141.0,60.0,207.0,47.0,249.0,258.0,207.0,22.0
Torbay 004D,279.0,312.0,98.0,172.0,176.0,161.0,342.0,182.0,361.0,182.0,141.0,57.0,207.0,40.0,249.0,256.0,207.0,16.0
Torbay 005A,279.0,312.0,111.0,169.0,176.0,161.0,342.0,184.0,361.0,179.0,144.0,72.0,207.0,40.0,249.0,253.0,207.0,25.0
Torbay 005B,279.0,312.0,105.0,179.0,176.0,161.0,342.0,182.0,361.0,188.0,141.0,66.0,207.0,47.0,249.0,260.0,207.0,20.0
Torbay 005C,279.0,312.0,103.0,179.0,176.0,161.0,342.0,182.0,361.0,188.0,141.0,65.0,207.0,47.0,249.0,259.0,207.0,20.0
Torbay 005D,280.0,313.0,113.0,171.0,177.0,162.0,342.0,186.0,362.0,181.0,145.0,73.0,208.0,42.0,250.0,254.0,208.0,27.0
Torbay 006A,279.0,312.0,103.0,173.0,176.0,161.0,342.0,182.0,361.0,184.0,141.0,62.0,207.0,41.0,249.0,256.0,207.0,9.0
Torbay 006B,279.0,312.0,111.0,181.0,176.0,161.0,342.0,185.0,361.0,188.0,145.0,70.0,207.0,48.0,249.0,261.0,207.0,18.0
Torbay 006C,279.0,312.0,108.0,178.0,176.0,161.0,342.0,183.0,361.0,188.0,143.0,66.0,207.0,46.0,249.0,260.0,207.0,14.0
Torbay 006D,279.0,312.0,109.0,180.0,176.0,161.0,342.0,183.0,361.0,188.0,143.0,69.0,207.0,48.0,249.0,260.0,207.0,17.0
Torbay 008A,279.0,312.0,98.0,169.0,176.0,161.0,342.0,182.0,361.0,180.0,141.0,57.0,207.0,38.0,249.0,254.0,207.0,4.0
Torbay 008B,279.0,312.0,93.0,167.0,176.0,161.0,342.0,182.0,361.0,177.0,141.0,49.0,207.0,36.0,249.0,252.0,207.0,13.0
Torbay 008C,279.0,312.0,96.0,164.0,176.0,161.0,342.0,182.0,361.0,175.0,141.0,53.0,207.0,32.0,249.0,250.0,207.0,8.0
Torbay 008D,279.0,312.0,91.0,168.0,176.0,161.0,342.0,182.0,361.0,180.0,141.0,46.0,207.0,38.0,249.0,253.0,207.0,18.0
Torbay 010A,279.0,312.0,100.0,162.0,176.0,161.0,342.0,182.0,361.0,172.0,141.0,59.0,207.0,31.0,249.0,248.0,207.0,18.0
Torbay 010B,279.0,312.0,108.0,168.0,176.0,161.0,342.0,184.0,361.0,178.0,143.0,70.0,207.0,39.0,249.0,252.0,207.0,27.0
Torbay 010C,279.0,312.0,108.0,165.0,176.0,161.0,342.0,182.0,361.0,175.0,142.0,70.0,207.0,36.0,249.0,250.0,207.0,25.0
Torbay 010D,279.0,312.0,104.0,168.0,176.0,161.0,342.0,182.0,361.0,178.0,141.0,63.0,207.0,38.0,249.0,252.0,207.0,13.0
Torbay 010E,280.0,313.0,113.0,172.0,177.0,162.0,342.0,186.0,362.0,182.0,146.0,76.0,208.0,44.0,250.0,255.0,208.0,31.0
Torbay 011A,279.0,312.0,108.0,159.0,176.0,161.0,342.0,182.0,361.0,166.0,141.0,73.0,207.0,25.0,249.0,245.0,207.0,34.0
Torbay 011B,279.0,312.0,109.0,156.0,176.0,161.0,342.0,182.0,361.0,164.0,141.0,75.0,207.0,21.0,249.0,243.0,207.0,37.0
Torbay 011C,279.0,312.0,107.0,155.0,176.0,161.0,338.0,182.0,361.0,173.0,141.0,84.0,207.0,30.0,249.0,246.0,207.0,54.0
Torbay 011D,279.0,312.0,110.0,160.0,176.0,161.0,340.0,182.0,361.0,169.0,141.0,83.0,207.0,27.0,249.0,246.0,207.0,47.0
Torbay 011E,279.0,312.0,104.0,149.0,176.0,161.0,338.0,182.0,361.0,159.0,141.0,66.0,207.0,16.0,249.0,239.0,207.0,28.0
Torbay 011F,279.0,312.0,110.0,167.0,176.0,161.0,342.0,182.0,361.0,179.0,141.0,88.0,207.0,36.0,249.0,253.0,207.0,51.0
Torbay 012A,279.0,312.0,109.0,141.0,176.0,161.0,328.0,182.0,361.0,141.0,141.0,80.0,207.0,18.0,249.0,233.0,207.0,45.0
Torbay 012B,279.0,312.0,108.0,145.0,176.0,161.0,331.0,182.0,361.0,168.0,141.0,84.0,207.0,24.0,249.0,240.0,207.0,50.0
Torbay 012C,279.0,312.0,110.0,140.0,176.0,161.0,326.0,182.0,361.0,136.0,141.0,77.0,207.0,13.0,249.0,230.0,207.0,39.0
Torbay 012D,279.0,312.0,110.0,144.0,176.0,161.0,330.0,182.0,361.0,142.0,141.0,85.0,207.0,19.0,249.0,235.0,207.0,50.0
Torbay 012E,279.0,312.0,110.0,134.0,176.0,161.0,318.0,182.0,361.0,118.0,141.0,85.0,207.0,16.0,249.0,220.0,207.0,49.0
Torbay 013A,279.0,312.0,110.0,140.0,176.0,161.0,326.0,182.0,361.0,134.0,141.0,91.0,207.0,36.0,249.0,229.0,207.0,70.0
Torbay 013B,279.0,312.0,109.0,150.0,176.0,161.0,336.0,182.0,361.0,162.0,141.0,87.0,207.0,24.0,249.0,239.0,207.0,56.0
Torbay 013C,279.0,312.0,110.0,145.0,176.0,161.0,331.0,182.0,361.0,144.0,141.0,93.0,207.0,26.0,249.0,236.0,207.0,62.0
Torbay 013D,279.0,312.0,108.0,141.0,176.0,161.0,329.0,182.0,361.0,140.0,141.0,85.0,207.0,17.0,249.0,232.0,207.0,50.0
Torbay 013E,279.0,312.0,107.0,134.0,176.0,161.0,318.0,182.0,361.0,118.0,141.0,81.0,207.0,26.0,249.0,220.0,207.0,57.0
Torbay 013G,279.0,312.0,106.0,143.0,176.0,161.0,331.0,182.0,361.0,138.0,141.0,82.0,207.0,19.0,249.0,234.0,207.0,50.0
Torbay 013H,279.0,312.0,110.0,128.0,176.0,161.0,277.0,182.0,361.0,95.0,141.0,81.0,207.0,25.0,249.0,209.0,207.0,57.0
Torbay 013I,279.0,312.0,110.0,141.0,176.0,161.0,331.0,182.0,361.0,135.0,141.0,92.0,207.0,35.0,249.0,232.0,207.0,64.0
Torbay 014A,279.0,312.0,109.0,145.0,176.0,161.0,333.0,182.0,361.0,147.0,141.0,75.0,207.0,14.0,249.0,236.0,207.0,37.0
Torbay 014B,279.0,312.0,108.0,136.0,176.0,161.0,320.0,182.0,361.0,122.0,141.0,74.0,207.0,4.0,249.0,223.0,207.0,36.0
Torbay 014C,282.0,315.0,112.0,137.0,179.0,164.0,322.0,183.0,364.0,126.0,142.0,78.0,210.0,5.0,252.0,225.0,210.0,40.0
Torbay 014D,281.0,314.0,112.0,133.0,178.0,163.0,316.0,182.0,363.0,114.0,142.0,82.0,209.0,13.0,251.0,216.0,209.0,46.0
Torbay 014E,279.0,312.0,110.0,130.0,176.0,161.0,280.0,182.0,361.0,98.0,141.0,82.0,207.0,18.0,249.0,212.0,207.0,48.0
Torbay 014F,296.0,329.0,127.0,144.0,193.0,176.0,330.0,191.0,378.0,142.0,150.0,91.0,222.0,19.0,266.0,234.0,218.0,53.0
Torbay 015A,289.0,322.0,119.0,138.0,186.0,171.0,324.0,186.0,371.0,130.0,146.0,86.0,217.0,16.0,259.0,227.0,213.0,48.0
Torbay 015B,285.0,318.0,116.0,135.0,182.0,167.0,320.0,184.0,367.0,120.0,144.0,89.0,213.0,24.0,255.0,222.0,211.0,55.0
Torbay 015C,279.0,312.0,110.0,140.0,176.0,161.0,326.0,182.0,361.0,134.0,141.0,93.0,207.0,37.0,249.0,229.0,207.0,69.0
Torbay 015D,289.0,322.0,120.0,145.0,186.0,171.0,331.0,187.0,371.0,145.0,147.0,91.0,217.0,23.0,259.0,236.0,214.0,55.0
Torbay 015E,279.0,312.0,110.0,144.0,176.0,161.0,333.0,182.0,361.0,139.0,141.0,96.0,207.0,36.0,249.0,235.0,207.0,66.0
Torbay 016A,281.0,314.0,112.0,151.0,178.0,163.0,338.0,183.0,363.0,160.0,142.0,93.0,209.0,28.0,251.0,242.0,209.0,60.0
Torbay 016B,284.0,317.0,115.0,146.0,181.0,166.0,331.0,185.0,366.0,144.0,145.0,92.0,212.0,24.0,254.0,237.0,212.0,56.0
Torbay 016C,296.0,329.0,127.0,164.0,193.0,178.0,342.0,199.0,378.0,162.0,158.0,104.0,224.0,39.0,266.0,250.0,224.0,71.0
Torbay 016D,283.0,316.0,114.0,150.0,180.0,165.0,339.0,184.0,365.0,160.0,144.0,94.0,211.0,29.0,253.0,240.0,211.0,61.0
Torbay 016E,297.0,330.0,128.0,162.0,194.0,179.0,341.0,199.0,379.0,159.0,158.0,102.0,225.0,35.0,267.0,248.0,225.0,66.0
Torbay 017A,352.0,359.0,148.0,170.0,229.0,201.0,342.0,211.0,393.0,169.0,171.0,111.0,248.0,47.0,323.0,256.0,239.0,78.0
Torbay 017B,301.0,334.0,132.0,164.0,198.0,183.0,342.0,202.0,383.0,169.0,162.0,104.0,229.0,40.0,271.0,250.0,229.0,70.0
Torbay 017C,296.0,329.0,127.0,160.0,193.0,178.0,342.0,197.0,378.0,160.0,156.0,100.0,224.0,33.0,266.0,246.0,224.0,64.0
Torbay 017D,300.0,333.0,131.0,163.0,197.0,182.0,342.0,201.0,382.0,156.0,160.0,103.0,228.0,37.0,270.0,249.0,228.0,68.0
Torbay 017E,357.0,446.0,153.0,175.0,239.0,227.0,342.0,277.0,398.0,173.0,215.0,115.0,255.0,53.0,328.0,259.0,311.0,84.0
Torbay 017F,304.0,337.0,135.0,166.0,201.0,186.0,342.0,205.0,386.0,167.0,164.0,106.0,232.0,42.0,274.0,252.0,232.0,72.0
Torbay 017G,304.0,337.0,135.0,166.0,201.0,186.0,342.0,205.0,386.0,163.0,164.0,106.0,232.0,42.0,274.0,252.0,232.0,72.0
Torbay 018A,352.0,361.0,148.0,170.0,231.0,203.0,342.0,212.0,393.0,148.0,172.0,111.0,250.0,48.0,323.0,255.0,241.0,79.0
Torbay 018B,352.0,361.0,148.0,172.0,231.0,203.0,342.0,212.0,393.0,156.0,172.0,112.0,250.0,49.0,323.0,257.0,241.0,80.0
Torbay 018C,302.0,335.0,133.0,164.0,199.0,184.0,342.0,203.0,384.0,156.0,162.0,104.0,230.0,40.0,272.0,250.0,230.0,70.0
Torbay 018D,354.0,445.0,150.0,173.0,238.0,226.0,342.0,276.0,395.0,159.0,214.0,113.0,254.0,50.0,325.0,257.0,310.0,80.0
Torbay 018E,306.0,339.0,137.0,166.0,203.0,188.0,342.0,207.0,388.0,150.0,167.0,108.0,234.0,44.0,276.0,252.0,234.0,74.0
Torbay 019A,279.0,312.0,104.0,166.0,176.0,161.0,342.0,182.0,361.0,177.0,141.0,63.0,207.0,35.0,249.0,252.0,207.0,27.0
Torbay 019B,279.0,312.0,97.0,171.0,176.0,161.0,342.0,182.0,361.0,177.0,141.0,54.0,207.0,50.0,249.0,256.0,207.0,32.0
Torbay 019C,279.0,312.0,97.0,175.0,176.0,161.0,342.0,182.0,361.0,186.0,141.0,55.0,207.0,44.0,249.0,258.0,207.0,27.0
Torbay 019D,279.0,312.0,103.0,173.0,176.0,161.0,342.0,182.0,361.0,182.0,141.0,65.0,207.0,51.0,249.0,257.0,207.0,35.0
Torbay 019E,279.0,312.0,104.0,174.0,176.0,161.0,342.0,182.0,361.0,183.0,141.0,64.0,207.0,45.0,249.0,256.0,207.0,33.0
Torbay 019F,279.0,312.0,109.0,163.0,176.0,161.0,342.0,182.0,361.0,173.0,141.0,75.0,207.0,31.0,249.0,249.0,207.0,36.0
Torbay 019G,279.0,312.0,99.0,165.0,176.0,161.0,342.0,182.0,361.0,175.0,141.0,58.0,207.0,53.0,249.0,252.0,207.0,40.0
Torridge 001A,78.0,53.0,9999.0,386.0,300.0,366.0,226.0,417.0,145.0,9999.0,327.0,395.0,297.0,427.0,174.0,329.0,309.0,443.0
Torridge 001B,68.0,42.0,9999.0,375.0,289.0,355.0,215.0,406.0,138.0,9999.0,316.0,384.0,286.0,416.0,163.0,318.0,298.0,432.0
Torridge 001C,61.0,34.0,9999.0,366.0,280.0,346.0,206.0,397.0,134.0,9999.0,307.0,375.0,277.0,407.0,154.0,309.0,289.0,423.0
Torridge 001D,69.0,46.0,9999.0,375.0,289.0,355.0,215.0,406.0,144.0,9999.0,316.0,384.0,286.0,416.0,163.0,318.0,298.0,432.0
Torridge 002A,61.0,34.0,9999.0,367.0,281.0,347.0,207.0,398.0,131.0,9999.0,308.0,376.0,278.0,408.0,156.0,310.0,290.0,424.0
Torridge 002B,57.0,28.0,311.0,280.0,258.0,283.0,90.0,307.0,127.0,402.0,255.0,281.0,162.0,336.0,152.0,223.0,282.0,322.0
Torridge 002D,70.0,48.0,9999.0,376.0,290.0,356.0,216.0,407.0,144.0,9999.0,317.0,385.0,287.0,417.0,164.0,319.0,299.0,433.0
Torridge 002E,77.0,54.0,9999.0,384.0,298.0,364.0,224.0,415.0,147.0,9999.0,325.0,393.0,295.0,425.0,172.0,327.0,307.0,441.0
Torridge 003A,52.0,7.0,302.0,271.0,249.0,274.0,89.0,298.0,121.0,393.0,246.0,272.0,153.0,327.0,146.0,214.0,277.0,313.0
Torridge 003B,69.0,24.0,9999.0,372.0,286.0,352.0,212.0,403.0,138.0,9999.0,313.0,381.0,283.0,413.0,166.0,315.0,297.0,429.0
Torridge 003C,56.0,16.0,308.0,277.0,255.0,280.0,89.0,304.0,126.0,399.0,252.0,278.0,159.0,333.0,151.0,220.0,281.0,319.0
Torridge 004A,53.0,24.0,9999.0,359.0,273.0,339.0,199.0,390.0,123.0,9999.0,300.0,368.0,270.0,400.0,147.0,302.0,282.0,416.0
Torridge 004B,66.0,42.0,9999.0,367.0,281.0,347.0,207.0,398.0,138.0,9999.0,308.0,376.0,278.0,408.0,155.0,310.0,290.0,424.0
Torridge 004C,58.0,35.0,9999.0,365.0,279.0,345.0,210.0,396.0,128.0,9999.0,306.0,374.0,281.0,406.0,153.0,313.0,288.0,422.0
Torridge 004D,74.0,23.0,9999.0,373.0,287.0,353.0,213.0,404.0,141.0,9999.0,314.0,382.0,284.0,414.0,172.0,316.0,301.0,430.0
Torridge 004E,61.0,12.0,307.0,276.0,254.0,279.0,89.0,303.0,131.0,398.0,251.0,277.0,158.0,332.0,156.0,219.0,283.0,318.0
Torridge 004F,69.0,20.0,9999.0,357.0,271.0,337.0,197.0,388.0,135.0,9999.0,298.0,366.0,268.0,398.0,168.0,300.0,291.0,414.0
Torridge 005A,86.0,60.0,9999.0,283.0,300.0,366.0,226.0,417.0,149.0,9999.0,327.0,386.0,267.0,367.0,174.0,299.0,309.0,402.0
Torridge 005B,114.0,88.0,9999.0,256.0,301.0,339.0,223.0,390.0,177.0,9999.0,328.0,359.0,240.0,340.0,202.0,272.0,310.0,375.0
Torridge 005C,86.0,60.0,9999.0,386.0,300.0,366.0,226.0,417.0,149.0,9999.0,327.0,395.0,297.0,427.0,174.0,329.0,309.0,443.0
Torridge 005D,113.0,81.0,305.0,274.0,260.0,277.0,84.0,301.0,173.0,396.0,249.0,275.0,156.0,330.0,191.0,217.0,290.0,316.0
Torridge 006A,99.0,67.0,239.0,223.0,139.0,212.0,89.0,221.0,166.0,308.0,181.0,212.0,117.0,266.0,193.0,149.0,218.0,251.0
Torridge 006B,100.0,68.0,236.0,221.0,136.0,209.0,90.0,218.0,167.0,305.0,178.0,209.0,115.0,263.0,193.0,147.0,215.0,248.0
Torridge 006C,101.0,70.0,250.0,243.0,150.0,223.0,203.0,232.0,168.0,319.0,192.0,223.0,195.0,277.0,194.0,238.0,229.0,262.0
Torridge 006D,103.0,74.0,243.0,227.0,143.0,216.0,90.0,225.0,170.0,312.0,185.0,216.0,121.0,270.0,196.0,153.0,222.0,255.0
Torridge 007A,201.0,162.0,9999.0,385.0,284.0,365.0,225.0,416.0,253.0,9999.0,326.0,394.0,266.0,426.0,287.0,328.0,9999.0,442.0
Torridge 007B,119.0,152.0,228.0,244.0,128.0,201.0,226.0,210.0,179.0,297.0,170.0,201.0,196.0,255.0,207.0,239.0,207.0,240.0
Torridge 007C,211.0,212.0,9999.0,417.0,300.0,366.0,342.0,417.0,304.0,9999.0,327.0,395.0,297.0,427.0,275.0,499.0,9999.0,443.0
Torridge 007D,124.0,157.0,228.0,244.0,128.0,201.0,231.0,210.0,184.0,297.0,170.0,201.0,196.0,255.0,212.0,239.0,207.0,240.0
Torridge 008A,252.0,237.0,9999.0,309.0,401.0,392.0,218.0,443.0,304.0,9999.0,374.0,412.0,288.0,393.0,340.0,312.0,9999.0,428.0
Torridge 008B,131.0,115.0,282.0,245.0,237.0,254.0,16.0,278.0,207.0,367.0,226.0,252.0,133.0,307.0,207.0,194.0,277.0,293.0
Torridge 008C,131.0,115.0,282.0,241.0,237.0,254.0,16.0,278.0,207.0,363.0,226.0,252.0,133.0,307.0,207.0,194.0,277.0,293.0
Torridge 008D,252.0,237.0,299.0,210.0,254.0,271.0,95.0,295.0,304.0,301.0,243.0,269.0,150.0,318.0,340.0,210.0,294.0,310.0
Torridge 008E,143.0,136.0,9999.0,386.0,321.0,387.0,226.0,438.0,213.0,9999.0,348.0,416.0,297.0,448.0,228.0,329.0,330.0,464.0
Torridge 009A,252.0,237.0,9999.0,283.0,392.0,366.0,181.0,417.0,304.0,9999.0,357.0,386.0,250.0,367.0,340.0,286.0,9999.0,402.0
Torridge 009B,252.0,237.0,293.0,262.0,248.0,265.0,172.0,289.0,304.0,384.0,237.0,263.0,144.0,318.0,340.0,205.0,288.0,304.0
Torridge 009C,252.0,237.0,282.0,251.0,237.0,254.0,172.0,278.0,304.0,373.0,226.0,252.0,133.0,307.0,340.0,194.0,277.0,293.0
Torridge 009D,119.0,115.0,9999.0,385.0,300.0,366.0,225.0,417.0,179.0,9999.0,327.0,395.0,297.0,427.0,207.0,329.0,309.0,443.0
West Devon 001A,225.0,186.0,278.0,258.0,158.0,250.0,225.0,274.0,277.0,355.0,211.0,248.0,145.0,303.0,264.0,201.0,229.0,289.0
West Devon 001B,201.0,162.0,282.0,198.0,161.0,254.0,172.0,278.0,253.0,297.0,215.0,252.0,73.0,307.0,264.0,124.0,229.0,293.0
West Devon 001D,131.0,164.0,227.0,229.0,127.0,200.0,223.0,209.0,191.0,296.0,169.0,200.0,169.0,254.0,219.0,224.0,206.0,239.0
West Devon 001E,250.0,235.0,301.0,270.0,256.0,273.0,172.0,297.0,302.0,392.0,245.0,271.0,152.0,326.0,338.0,213.0,296.0,312.0
West Devon 001F,201.0,162.0,262.0,192.0,147.0,234.0,172.0,258.0,253.0,277.0,199.0,232.0,23.0,287.0,265.0,118.0,215.0,273.0
West Devon 002A,201.0,162.0,205.0,180.0,138.0,170.0,172.0,175.0,253.0,245.0,134.0,175.0,16.0,243.0,256.0,106.0,176.0,222.0
West Devon 002B,201.0,162.0,201.0,175.0,136.0,166.0,172.0,171.0,253.0,241.0,130.0,171.0,17.0,239.0,254.0,101.0,172.0,218.0
West Devon 002C,201.0,162.0,259.0,175.0,142.0,231.0,172.0,255.0,253.0,274.0,192.0,229.0,40.0,284.0,260.0,101.0,206.0,270.0
West Devon 002D,201.0,162.0,203.0,159.0,137.0,168.0,172.0,173.0,253.0,243.0,132.0,173.0,30.0,241.0,255.0,71.0,174.0,220.0
West Devon 003A,271.0,293.0,228.0,198.0,176.0,181.0,323.0,210.0,342.0,297.0,155.0,199.0,188.0,253.0,249.0,247.0,207.0,240.0
West Devon 003B,252.0,237.0,195.0,217.0,135.0,160.0,172.0,165.0,304.0,235.0,124.0,165.0,109.0,233.0,268.0,194.0,166.0,212.0
West Devon 003C,326.0,313.0,480.0,164.0,285.0,366.0,250.0,417.0,421.0,297.0,327.0,286.0,180.0,278.0,479.0,93.0,9999.0,298.0
West Devon 003D,252.0,237.0,198.0,220.0,138.0,163.0,172.0,168.0,304.0,238.0,127.0,168.0,92.0,236.0,271.0,194.0,169.0,215.0
West Devon 004A,229.0,212.0,268.0,180.0,212.0,254.0,172.0,278.0,281.0,277.0,223.0,252.0,108.0,287.0,315.0,124.0,256.0,293.0
West Devon 004B,301.0,288.0,9999.0,215.0,264.0,341.0,225.0,392.0,396.0,314.0,302.0,323.0,159.0,324.0,454.0,141.0,9999.0,321.0
West Devon 004C,276.0,261.0,268.0,149.0,266.0,307.0,196.0,307.0,328.0,261.0,257.0,267.0,161.0,264.0,364.0,68.0,339.0,291.0
West Devon 004D,252.0,237.0,250.0,157.0,360.0,312.0,181.0,310.0,304.0,243.0,262.0,264.0,247.0,259.0,340.0,186.0,344.0,294.0
West Devon 005A,251.0,236.0,211.0,89.0,222.0,236.0,172.0,260.0,303.0,199.0,208.0,217.0,132.0,224.0,322.0,3.0,259.0,252.0
West Devon 005B,252.0,237.0,223.0,100.0,229.0,246.0,172.0,270.0,304.0,209.0,218.0,227.0,133.0,234.0,332.0,13.0,269.0,265.0
West Devon 005C,252.0,237.0,214.0,90.0,225.0,241.0,172.0,265.0,304.0,197.0,213.0,218.0,133.0,226.0,327.0,24.0,264.0,255.0
West Devon 005D,252.0,237.0,221.0,97.0,227.0,244.0,172.0,268.0,304.0,207.0,216.0,225.0,133.0,232.0,330.0,17.0,267.0,263.0
West Devon 005E,253.0,238.0,222.0,98.0,229.0,246.0,173.0,270.0,305.0,208.0,218.0,227.0,134.0,233.0,332.0,33.0,269.0,264.0
West Devon 005F,252.0,237.0,226.0,103.0,232.0,249.0,172.0,273.0,304.0,212.0,221.0,230.0,133.0,237.0,335.0,17.0,272.0,268.0
West Devon 005G,252.0,237.0,203.0,85.0,221.0,232.0,172.0,256.0,304.0,195.0,204.0,213.0,133.0,217.0,318.0,29.0,257.0,244.0
West Devon 006A,299.0,286.0,220.0,96.0,258.0,272.0,223.0,287.0,394.0,206.0,237.0,226.0,158.0,231.0,358.0,69.0,311.0,262.0
West Devon 006B,237.0,222.0,236.0,121.0,222.0,254.0,172.0,278.0,289.0,227.0,226.0,240.0,118.0,247.0,325.0,33.0,262.0,277.0
West Devon 006C,256.0,241.0,184.0,74.0,218.0,229.0,176.0,239.0,308.0,186.0,199.0,204.0,137.0,203.0,293.0,41.0,255.0,234.0
West Devon 006D,258.0,243.0,191.0,78.0,221.0,232.0,178.0,256.0,310.0,189.0,204.0,207.0,139.0,206.0,318.0,43.0,257.0,237.0
West Devon 007A,274.0,259.0,266.0,133.0,259.0,276.0,194.0,300.0,326.0,259.0,248.0,274.0,155.0,275.0,362.0,58.0,299.0,304.0
West Devon 007B,275.0,260.0,267.0,134.0,260.0,277.0,195.0,301.0,327.0,260.0,249.0,275.0,156.0,276.0,363.0,59.0,300.0,304.0
West Devon 007C,305.0,292.0,228.0,108.0,264.0,285.0,229.0,291.0,400.0,221.0,241.0,242.0,161.0,239.0,458.0,72.0,317.0,272.0
West Devon 007D,302.0,289.0,225.0,103.0,261.0,280.0,226.0,291.0,397.0,211.0,241.0,232.0,160.0,236.0,453.0,72.0,314.0,267.0
